이름,우편번호,주소,상세주소,전화번호,이메일
최영호,10120,대전광역시 금천구 반포대거리 226 (수진이정리),도현윤빌라 728호,070-5001-8179,yeongsigbag@example.net
노영환,38438,대구광역시 동구 서초대652거리 918 (상훈이읍),명숙김이타워 J동 276호,016-383-7146,gimyejun@example.org
하준혁,79025,제주특별자치도 고양시 일산서구 역삼4로 585 (영길최리),현준이윤마을,052-468-3895,yeonghwan25@example.net
이옥자,84878,부산광역시 동구 학동길 752 (민준송김동),경희김박연립 971호,011-863-2137,jihuseo@example.com
이도윤,03768,전라북도 수원시 권선구 백제고분길 788 (옥자황이읍),경숙김아파트 389호,061-912-9995,bagjeongung@example.net
김민준,50641,경상남도 양양군 강남대865가 628-99,지영박빌라 549호,055-404-7663,yeongsu19@example.com
성정훈,55784,서울특별시 강남구 논현거리 917 (은경김김면),승민조고타워 776호,044-412-3846,yeongjagim@example.com
안서윤,03400,전라남도 여주시 강남대거리 805 (정순지이읍),지원엄마을 Q동 545호,044-138-6278,gimgyeongsu@example.org
장건우,05738,세종특별자치시 마포구 가락228로 496-15 (영일김이동),지영김김연립 D동 722호,044-987-6569,sanghunhan@example.net
김진우,49348,세종특별자치시 광진구 영동대492가 823-25,민석고마을 J동 338호,043-575-4051,baegyejin@example.org
김영희,26363,울산광역시 구로구 도산대거리 488,지현최타워 M동 950호,017-271-3689,gimdohyeon@example.net
김지영,62956,충청남도 증평군 서초중앙길 347-33,영순황마을,010-7744-0508,minseo27@example.net
서영미,62758,광주광역시 종로구 학동길 280-16,예원김서마을 나동 730호,041-904-9869,san@example.com
강현숙,30608,충청북도 안양시 언주거리 217,준혁김지타운,019-621-3077,iyeongho@example.com
최동현,86685,서울특별시 광진구 봉은사47로 663-30,민재윤권아파트 Q동 356호,042-257-3795,gwangsu36@example.com
김하은,30809,제주특별자치도 부천시 원미구 석촌호수길 지하132,영철한이빌라 U동 866호,033-252-8063,pgim@example.net
양상철,95804,경상남도 광주시 압구정로 745 (승민남박면),춘자민이연립 O동 294호,019-755-5349,gangseongjin@example.org
권동현,96585,제주특별자치도 정선군 선릉길 87,영자김전연립 015호,043-446-1104,osubin@example.com
박종수,52616,충청북도 용인시 삼성길 지하730 (지영이한면),수빈윤빌라 485호,064-784-7152,yeonggil66@example.net
김유진,75893,서울특별시 동구 양재천로 지하551,민지김타운,019-344-3518,hyeonju52@example.net
김서연,08340,제주특별자치도 고성군 삼성08길 226 (윤서윤김동),정순이아파트 J동 518호,061-565-4174,gi@example.net
박민석,71470,강원도 광주시 삼성길 602 (정숙최이면),종수성고타운 A동 288호,016-803-5297,ieunju@example.com
곽정순,33806,인천광역시 영등포구 개포가 598-20,지은박성연립 017호,032-803-3137,seonyeong84@example.net
한도현,53428,제주특별자치도 하남시 역삼354거리 859,영길이마을 W동 210호,018-337-5450,gryu@example.com
김서연,35973,충청남도 수원시 장안구 개포161길 841,미숙김아파트 H동 236호,053-366-5093,abag@example.com
이정호,30091,서울특별시 북구 영동대가 172-24 (병철한동),지우이마을 204호,019-504-0010,qbag@example.com
양영미,99371,충청북도 시흥시 영동대0길 지하685 (영미양읍),준영박타워 966호,054-737-3893,yeonghyisong@example.org
김영일,51738,경상남도 남양주시 언주거리 552-93 (동현장이읍),승현정곽마을 620호,043-350-5778,dbag@example.net
민경수,53226,서울특별시 송파구 개포로 826-27,지혜김아파트,055-759-8803,yeweon84@example.net
최예원,45995,제주특별자치도 괴산군 가락46거리 18-91,은영지홍빌라,032-957-0409,misugi@example.com
김영숙,53680,전라남도 안양시 백제고분663길 440,정자김김연립 C동 862호,031-981-0447,ijeongja@example.org
이정남,80290,전라남도 오산시 봉은사30로 586-97,민석이타운,016-436-9045,gimseoyeong@example.org
강하은,76777,충청북도 고성군 논현24거리 137 (건우강고면),상현박아파트 140호,02-2970-0101,juyeongho@example.org
신수민,55075,경상남도 광주시 반포대67길 181,동현이문빌라 469호,055-086-1101,ogja45@example.org
김지영,26896,강원도 여주시 압구정457거리 509 (정호최리),채원손연립 454호,064-728-0053,sunog16@example.net
이영미,04936,경기도 용인시 처인구 가락거리 지하942,정웅이마을 294호,031-697-2570,ijiyeong@example.com
박정자,39680,인천광역시 송파구 삼성701길 296,지혜이타워,011-296-8891,byeongceol61@example.org
이지영,59076,울산광역시 관악구 오금가 지하934,예원김한빌라,070-6562-3112,minsu70@example.org
김영식,89399,전라남도 파주시 가락8가 953-28,수민최마을 738호,063-600-3860,jeoneunjeong@example.net
심경숙,17437,부산광역시 서초구 압구정가 지하294,윤서배마을 311호,051-563-4396,lno@example.com
김상철,01997,강원도 삼척시 압구정가 528,은서서박마을 H동 211호,018-638-9538,jihu79@example.net
이성진,75166,인천광역시 성동구 오금거리 220 (지현구서면),상철김오타워 라동 521호,018-499-5132,yeongjai@example.org
조시우,05252,제주특별자치도 용인시 수지구 강남대길 534,옥순김김마을,016-262-3760,jongsubag@example.net
박예원,50913,전라남도 용인시 수지구 삼성69로 268,정웅신타워,019-449-3497,qi@example.net
이영식,99542,광주광역시 은평구 삼성길 523,수빈홍빌라 W동 206호,041-250-5028,jiai@example.com
박정호,65183,서울특별시 동대문구 석촌호수가 134 (준혁이동),현준장장연립 780호,031-290-6413,sgim@example.com
서영자,79839,강원도 양주시 봉은사로 844-6 (서현이김리),준영조오타운 Q동 426호,063-398-8635,miyeongryu@example.org
김정훈,86700,충청북도 안산시 상록구 잠실337가 289 (준서김서면),유진김아파트 738호,018-487-2920,sanghyeon91@example.org
이지원,96640,부산광역시 광진구 가락7로 834 (지민이읍),은영이아파트,053-933-8452,ibag@example.org
김지연,28235,대전광역시 영등포구 역삼거리 647-56 (예준고안동),명자전아파트,033-630-0002,miyeongbag@example.com
문수진,69168,강원도 고성군 언주거리 852-84 (미경강김마을),성수배권타워 P동 272호,064-708-3897,ogim@example.net
김채원,27173,인천광역시 노원구 반포대575로 지하694 (현우박이마을),서윤박마을,043-318-9412,minjii@example.net
황영철,00483,인천광역시 금천구 논현가 412-40,춘자이이마을,019-677-1689,bagyeongho@example.org
김혜진,01457,경상남도 청주시 청원구 반포대거리 77,지후최서마을,031-756-2038,qbag@example.com
이승현,31894,제주특별자치도 당진시 개포거리 191 (주원박노리),은영강마을 333호,062-776-8913,rgweon@example.net
김상철,60871,울산광역시 강북구 압구정00가 지하689 (명자김면),성수한문타운 M동 348호,042-873-5758,ejang@example.net
이민서,05199,충청남도 아산시 영동대로 139 (상현김김마을),정자최장아파트 L동 474호,018-201-8271,yeji80@example.org
최현주,19771,부산광역시 강남구 반포대로 49-74 (서영홍마을),성민장마을 C동 554호,062-583-6431,janggyeongsu@example.com
구정식,59955,강원도 청주시 청원구 선릉길 707,은주김연립 R동 226호,061-023-4959,yeongceol87@example.com
박재호,96037,세종특별자치시 동대문구 석촌호수1로 지하481,미정최빌라 439호,041-284-3262,coeareum@example.net
우동현,15879,대전광역시 강서구 서초중앙8가 지하101,은지백이타운,042-129-0667,seoyeongceol@example.com
강하윤,04284,서울특별시 노원구 봉은사로 지하687 (숙자이송읍),옥순송한마을,052-331-7071,gimujin@example.com
박우진,08399,서울특별시 송파구 서초중앙로 838 (상훈서마을),지연고김마을 507동 104호,042-615-4778,yyun@example.net
최혜진,63594,경상북도 삼척시 역삼688가 405-18,옥순최김빌라,063-795-8930,jimin73@example.com
이현준,07221,광주광역시 성동구 논현거리 498,은영이김연립,033-898-6205,jeongnamyu@example.com
권승민,83752,경상남도 동두천시 도산대가 958 (현숙박동),민준김타운 K동 835호,055-074-3063,jiyeongi@example.com
황정숙,80830,충청북도 용인시 수지구 잠실923로 471 (정수최읍),성현이아파트 S동 736호,02-6211-3354,iseojun@example.com
최정순,82737,세종특별자치시 서초구 석촌호수0거리 896-10 (은영최동),종수이윤빌라,042-127-8678,junseo33@example.net
김정식,28902,인천광역시 은평구 오금907로 114 (미영이윤면),성수김이타운 876호,033-508-5630,jimin20@example.net
백춘자,16478,제주특별자치도 정선군 서초중앙2길 502-20,영진장타워 S동 822호,041-483-7621,yeongili@example.net
나예지,69505,강원도 아산시 테헤란거리 21-23 (영일민이마을),보람손김타운 162호,052-290-8632,xi@example.org
허수빈,91902,충청남도 인제군 백제고분로 965,영길허타운 E동 101호,031-017-9622,zgim@example.com
김정자,05805,제주특별자치도 평창군 영동대가 41 (영환장동),미숙김아파트,043-842-4721,hwangdonghyeon@example.org
홍민준,72481,강원도 성남시 중원구 서초대로 148 (서윤송마을),진우엄빌라 758호,055-979-4608,eungyeong24@example.org
류영철,52032,충청북도 보은군 서초대가 136-64 (서현김류동),옥자김박빌라,011-211-1236,yeongceol97@example.com
이은서,35917,강원도 양구군 도산대로 지하718 (영철박이면),현주이타워 520호,062-271-0932,hbag@example.org
이영진,38371,대전광역시 영등포구 가락99길 825,선영류마을,031-422-0322,seonghyeongwag@example.com
이영철,28239,충청남도 당진시 백제고분59거리 712-7 (윤서노리),영미최김마을 384호,052-593-4585,suminju@example.com
한정순,96465,세종특별자치시 노원구 압구정길 739-23,서연이우빌라 W동 988호,070-6552-9927,gyeonghyi92@example.org
박보람,53520,대구광역시 동구 영동대가 123-86,준서이박마을,017-836-9470,eunjeong06@example.net
윤명숙,88890,인천광역시 중랑구 삼성로 577,상호이아파트 716호,017-283-8966,yeeungim@example.com
김영숙,80519,경상남도 평택시 개포로 325,미정윤이타운 787호,063-758-3545,yeonghwanson@example.com
이옥자,72086,충청남도 성남시 분당구 학동7가 813-16,보람김박타운 467호,019-078-4467,si@example.com
조지훈,79894,대구광역시 서초구 학동806길 939-42 (민서오면),지현김최아파트,063-254-1323,gimseoyeon@example.org
박미경,67054,전라남도 성남시 선릉가 68 (영길강고리),준혁김박마을,062-049-9732,gimjeonghun@example.net
손서윤,70505,전라북도 포천시 잠실길 301 (성호배읍),서연허타워 306호,017-902-0066,hayun91@example.com
최예준,54531,경기도 용인시 기흥구 역삼가 697 (민재이최동),민재김이빌라 바동 443호,053-599-9188,suminjo@example.com
류준서,98785,대전광역시 북구 삼성39로 49-25 (준호김이동),은정이타워,033-379-9967,yeongja59@example.com
정병철,00847,경상남도 인제군 테헤란122가 119,혜진허박연립 E동 953호,051-635-8941,coeyunseo@example.net
노수빈,02599,인천광역시 마포구 선릉거리 187-13 (승현류동),지훈이아파트,010-8609-2318,gimseongho@example.com
양정순,63410,강원도 증평군 봉은사거리 979 (민서손면),민수장하빌라,070-2897-0821,zcoe@example.net
김유진,99225,강원도 과천시 가락2거리 412 (지영신읍),영환한박타운 506호,016-597-6759,cunjacoe@example.net
백지후,04022,광주광역시 강서구 봉은사길 지하689,은영김아파트 705호,062-713-1029,emun@example.org
허미정,01928,경상북도 단양군 석촌호수76로 643-9,성호김김마을,052-489-1314,juweon80@example.com
장영길,25564,전라북도 고성군 가락로 191-94,예은김빌라 C동 812호,041-144-8073,yunboram@example.org
안서준,61673,인천광역시 서대문구 봉은사2로 802-95 (현지김동),지연고연립 129호,017-589-4725,kgang@example.net
강정희,08001,충청북도 가평군 반포대2로 642 (주원김박읍),성현김타워 539호,041-963-6141,jojunyeong@example.com
조성수,81687,대전광역시 마포구 반포대로 686,건우한타워,033-848-4272,eunyeong36@example.net
이순자,54251,전라남도 계룡시 선릉길 226,영희이마을 T동 808호,041-119-1523,bagjihyeon@example.com
오지원,46784,충청남도 단양군 역삼04거리 지하760,예진김타워 077호,052-628-6562,jeongsug06@example.com
장영숙,14998,인천광역시 북구 반포대214거리 372 (광수홍이면),순옥유이아파트,044-587-6046,vi@example.org
정예원,79537,광주광역시 남구 삼성798거리 586 (선영박리),민지김마을,033-380-4754,yeongsugan@example.org
김서준,80257,충청북도 청주시 서원구 오금27길 406 (예원김차면),예원이연립 822호,053-958-9344,gimjeongung@example.com
홍현우,78883,울산광역시 강동구 도산대77가 949-28 (지연김이면),선영이박아파트,061-389-7020,nyu@example.org
강건우,85326,대전광역시 동작구 삼성가 336-51,상철지아파트 162호,033-448-9414,junseo31@example.org
장옥순,66936,강원도 부천시 잠실거리 802,광수김이마을 826동 094호,033-669-9844,jieungim@example.org
김영진,34943,전라남도 오산시 오금길 625-82 (현숙김이면),영숙권홍아파트,062-078-2447,gi@example.com
이서현,94903,경상남도 음성군 논현84길 182 (지우이마을),순자조이마을 P동 245호,044-630-7703,ahan@example.com
이예준,73889,세종특별자치시 서대문구 백제고분88길 548,동현권이빌라,031-783-8538,qson@example.com
하서연,13880,충청남도 안성시 학동길 881-31 (정희김읍),은서박마을 691호,042-698-7200,syun@example.net
노지훈,51170,충청남도 금산군 반포대로 228,지영이손타운,042-028-6317,seosanghyeon@example.com
박지우,45653,광주광역시 도봉구 가락길 338-50 (병철송읍),예진강양타운,032-538-4043,dyun@example.net
김도윤,10062,충청남도 서산시 압구정거리 지하963,준서최김연립 다동 376호,051-536-8520,gwangsu66@example.com
이미정,90572,부산광역시 양천구 테헤란가 지하524,승민배강타워 546호,043-468-1704,qcoe@example.org
조성현,09741,충청남도 양양군 서초대거리 861-33 (현정이읍),승민김서빌라,02-4691-5348,gimyeongho@example.com
김예은,02250,충청남도 청주시 청원구 언주거리 77 (서윤김최읍),민석이아파트 라동 092호,033-677-3786,hyeonji01@example.org
이준영,76876,광주광역시 동대문구 선릉243가 849-29,예원김마을,063-570-2982,bi@example.com
박재호,77568,강원도 과천시 삼성2가 286-25 (미경김리),상철이김아파트 나동 340호,016-935-3448,jihu27@example.com
김동현,47961,전라남도 태안군 테헤란로 337,수진김김빌라,041-193-9593,seonghyeonbag@example.com
임성현,52720,서울특별시 서구 봉은사6로 295-35 (현우김리),보람권연립 786호,032-904-4560,eungyeong35@example.net
권준혁,26897,경상북도 남양주시 테헤란6로 377-97 (도윤윤나읍),서연송안마을 390호,063-830-7221,coeseoyeon@example.com
이순자,44975,서울특별시 강북구 언주길 지하844 (서윤박김읍),민수김이아파트 685호,061-075-1425,yejinryu@example.com
김준호,42490,전라남도 당진시 역삼거리 867,지혜최연립 Q동 997호,041-147-0587,gca@example.com
이성민,58530,서울특별시 동대문구 학동3거리 485-9 (하은이김동),정순이마을 E동 514호,018-481-0596,omun@example.org
민현지,54096,인천광역시 종로구 논현093거리 972-67 (정자주김읍),성호한마을,010-8365-0014,vgim@example.com
김지연,20752,경상남도 부천시 원미구 도산대거리 460,현주황김마을 101호,044-712-3798,bagmijeong@example.org
이미경,70664,광주광역시 남구 학동10거리 813-38 (수민이리),도현이이빌라 나동 593호,042-010-1760,jihungim@example.net
문중수,14123,강원도 용인시 수지구 석촌호수95로 82-91 (상훈한읍),광수김하타운 I동 626호,017-367-3475,jia16@example.org
김정호,84817,세종특별자치시 강서구 도산대456가 357,성진윤오타운 M동 236호,052-465-3253,yeongmii@example.net
김주원,47874,경상남도 여주시 선릉2길 604,승민최박타워,041-100-7989,ci@example.org
박영일,42452,대구광역시 성북구 역삼921길 823,경자강연립 255호,010-7044-3043,gimjeongho@example.net
백승민,05961,전라북도 성남시 석촌호수가 355,영순이아파트 953호,064-707-7296,mijeong00@example.com
최유진,55559,경상남도 부천시 오정구 봉은사61길 81,성훈이타운 933호,041-607-2058,hgim@example.net
김민수,07565,부산광역시 광진구 학동271길 지하879,민재이임아파트 844호,016-984-4501,iyeongja@example.com
윤재호,54198,대전광역시 금천구 학동2길 263 (재호심전마을),하은윤타워 Q동 090호,062-939-3865,doyun54@example.com
송영숙,04400,광주광역시 금천구 테헤란가 761,지원이김마을,070-3541-6254,wgweon@example.org
김준영,28085,대구광역시 광진구 논현301거리 684-66 (재현이동),은경조김연립,061-242-5061,yeonghyi38@example.net
구정남,27949,제주특별자치도 수원시 장안구 개포411가 452 (지연손마을),상호김김연립,033-002-6568,qyu@example.net
이정훈,65303,경기도 가평군 석촌호수거리 636-30,서윤남이연립 689호,032-635-1852,myeongjao@example.com
김지아,65794,대구광역시 중랑구 백제고분거리 627-92 (옥순김안읍),종수구연립,011-421-3788,qbag@example.net
박명숙,22632,경상남도 부천시 소사구 논현60거리 382-82,영수홍타워 C동 077호,033-627-3558,seonyeongseo@example.org
박준호,32141,서울특별시 동대문구 가락9길 40,하은이타워,033-406-5045,egim@example.com
이경수,58265,대구광역시 관악구 양재천가 지하617 (경자최동),현지장타운,043-061-5707,ai@example.com
이재호,93440,전라북도 연천군 역삼11길 370-1 (하윤김리),영진심권타운 G동 238호,051-532-0872,ijihyeon@example.com
김성현,99701,울산광역시 마포구 언주207가 337 (미영김동),정식하아파트 994호,043-936-7898,wi@example.org
강영미,79328,광주광역시 은평구 선릉가 지하227,영일김마을 555호,053-044-8356,doyun16@example.org
박명숙,05445,광주광역시 용산구 삼성41가 765 (은서강동),수민최임빌라 956호,043-661-2390,yejinbag@example.org
김현숙,16079,전라북도 광명시 테헤란로 725 (예진김정면),성훈김배아파트 683호,055-080-0293,oeunseo@example.net
김민지,56032,대전광역시 동작구 봉은사600로 123 (민서김마을),민지권빌라 L동 048호,018-977-5974,ri@example.com
양광수,57396,전라남도 이천시 도산대거리 46-74,수민이마을,064-755-0183,gimyeongceol@example.net
황영길,80318,대구광역시 강동구 개포48로 995-34,경숙한빌라 702동 148호,010-3810-5337,ygang@example.com
서재현,59276,대전광역시 광진구 역삼가 151,상호이강타워 Z동 630호,053-283-4288,sanghogim@example.net
김은주,56929,광주광역시 양천구 영동대01거리 995,준호진김아파트 다동 907호,032-486-5361,seongho77@example.com
장주원,14266,전라남도 구리시 언주거리 347 (정수장박동),영순최강마을 051호,051-916-7336,baegjihu@example.com
문지원,26568,경기도 음성군 서초중앙2로 565-55 (은주강동),정호김연립 B동 637호,064-780-7671,gimminseo@example.net
김경수,96002,인천광역시 중랑구 석촌호수6로 지하237,우진김윤아파트 793호,054-600-6276,yi@example.com
최수진,23533,대구광역시 은평구 오금로 168,현준김박빌라 487호,053-971-3862,iyeji@example.net
이지민,64685,전라남도 수원시 언주로 925-57,정희이타운 350호,070-2051-6588,jiyeonggim@example.net
강순옥,14244,서울특별시 강동구 선릉가 지하90,성호배타워,051-284-4479,fi@example.org
김영진,33175,전라북도 양평군 삼성6거리 967-18 (영숙김읍),영길이이연립 776호,054-954-3871,gweonjeongsig@example.org
강민서,13130,충청북도 진천군 압구정가 617 (성수장읍),은경김타워 092호,044-517-5704,junho99@example.net
나현지,28976,인천광역시 중랑구 반포대거리 837-81,예원김류타운,061-699-9574,xbag@example.org
이옥자,68113,서울특별시 중구 압구정2가 390,지원이최빌라 J동 651호,061-469-3791,igyeongsug@example.org
강명숙,97577,강원도 고양시 덕양구 양재천7가 101 (예은박면),지영우타운 742호,032-567-4380,misugi@example.org
최영순,05924,서울특별시 강동구 도산대27로 155-56,상훈장김빌라,033-701-0385,psim@example.net
박영희,10013,세종특별자치시 영등포구 압구정57로 972-51 (영희이이리),수빈하이연립,031-285-7503,hyeonjungim@example.org
이진우,22833,강원도 안양시 동안구 백제고분거리 841-76,준서최빌라 127호,054-860-0723,yeweongim@example.net
김우진,91950,서울특별시 은평구 개포거리 506-97 (아름황면),은정양박아파트 마동 650호,063-502-6934,donghyeon67@example.net
성아름,33601,광주광역시 강서구 삼성976길 359 (성현이리),예지김김마을 F동 328호,033-760-5479,jangyeongsun@example.org
김현준,54698,강원도 안성시 양재천4거리 938,수진최타워 69동 670호,051-648-7506,pgim@example.net
차미영,60535,인천광역시 서구 가락거리 783,정웅이최연립,062-141-0361,tcoe@example.com
최영진,12072,광주광역시 노원구 양재천54길 735-30,예원허마을 Y동 307호,054-412-9973,oseonghyeon@example.net
강민재,62803,울산광역시 중랑구 백제고분14거리 410 (준서김김마을),은주홍김타워 810호,044-127-9865,gweonhaeun@example.org
김순자,95785,경기도 부천시 소사구 논현길 756 (동현강리),예지이타워,017-031-9150,ieunjeong@example.org
손서준,07151,경상북도 광주시 반포대275길 499-71,예준고박연립,033-940-7165,seoyeonggim@example.com
이정순,17449,울산광역시 강동구 선릉거리 91,서연이빌라 893호,044-188-1563,songjunyeong@example.org
송하은,45737,울산광역시 은평구 석촌호수80가 73 (옥자김이읍),지후장김아파트,032-266-6012,jeongung00@example.com
심현지,12202,울산광역시 마포구 압구정가 40 (지아성리),예준안이연립 G동 511호,064-704-3222,yeongsugim@example.com
장숙자,19062,경상북도 오산시 선릉거리 861 (성진황동),지우최서아파트 X동 321호,062-371-6749,yeeungim@example.net
백영식,95440,인천광역시 성동구 반포대7길 191 (서윤이마을),보람김타운 M동 161호,019-236-3313,bagjinho@example.org
김은영,60929,충청북도 강릉시 강남대4거리 457,민수이김빌라 380호,031-065-5701,simyeongsu@example.com
박민준,20540,인천광역시 동구 백제고분0로 273-13 (지우김리),상훈이타워 812호,054-229-1544,junseogim@example.org
김성현,34052,충청북도 천안시 서북구 압구정7길 693 (지원김박면),정희우김연립 878호,02-6617-3453,yeongil10@example.net
하정남,04759,인천광역시 남구 압구정길 241 (영미김김리),예진남강아파트,031-090-0587,jiweon56@example.net
홍예진,00214,인천광역시 영등포구 개포로 지하913,서현이박마을,044-255-6473,eunju39@example.org
류하윤,01227,대구광역시 서대문구 학동가 888-28,명자이아파트 X동 511호,042-016-3003,hanyeweon@example.com
박은경,30897,울산광역시 도봉구 양재천902길 732-16,영철박백연립 003호,055-558-3742,noyeeun@example.org
권서윤,06505,인천광역시 은평구 가락16거리 18 (지훈이강마을),숙자김연립 108호,02-3757-1276,minsubag@example.net
박미정,57403,부산광역시 서대문구 봉은사길 123-7,정수박빌라 484호,051-630-4073,jiyeong91@example.net
한민재,78676,전라북도 서천군 오금8길 326 (서연김동),명숙이타워 I동 995호,033-595-0879,zgang@example.net
강영자,06570,서울특별시 강북구 석촌호수70로 311-29,영진송연립 927동 891호,062-746-2509,hgim@example.net
김경희,50078,제주특별자치도 여주시 백제고분8가 930,경희김장빌라 428호,017-364-1868,bagareum@example.com
이준서,89910,강원도 양구군 학동35가 841 (상현노면),영순김김타워 W동 469호,061-519-5096,seonghyeon46@example.net
송은경,18177,인천광역시 북구 잠실028가 995-23,영미김빌라,054-203-7285,tgim@example.net
이도윤,98750,울산광역시 광진구 잠실74길 지하300,민서서박타운,053-886-9576,hyeonjicoe@example.net
이경숙,03568,세종특별자치시 강북구 역삼911길 95 (지아송이동),명자이남연립,042-751-1073,oan@example.org
박옥자,68294,전라북도 하남시 학동773로 865,순옥장황타운,063-327-3115,coejunhyeog@example.net
이경희,03489,강원도 광주시 영동대거리 307-61 (예준이동),정희심연립 115호,051-544-1820,baegsunog@example.com
황옥자,09236,충청남도 안산시 언주거리 767,지우박안연립 923호,051-685-8591,miyeongi@example.org
송지연,40468,대전광역시 동작구 선릉850가 914-15 (현우하김리),지후이박빌라 바동 384호,017-866-6102,jaehoi@example.com
문영숙,08914,경상남도 원주시 선릉거리 734-85 (경자남박동),예지정타운 82동 389호,052-107-7773,di@example.org
장경수,83363,부산광역시 은평구 봉은사거리 지하245 (민수이이마을),영식이김아파트 863호,02-5415-0779,ti@example.com
이경수,11273,경상남도 부여군 강남대길 553-90 (영환최김마을),정식문김빌라 N동 053호,054-831-7003,jiugang@example.com
홍우진,99466,서울특별시 양천구 개포85거리 937,하은이마을,010-4459-5418,jeongnam83@example.com
이은주,62158,인천광역시 도봉구 삼성644로 299-66 (성민김김마을),현정최김타운 238호,032-986-0341,sangceol96@example.com
박현준,56053,경상남도 계룡시 논현길 616 (상철김동),명자서권아파트 라동 131호,052-553-6711,ogja80@example.org
조하은,09992,광주광역시 관악구 오금거리 725,지후김마을 Y동 807호,054-307-5135,seongminjo@example.com
김현정,68916,경상남도 화천군 선릉거리 68-9 (승현이리),준영장연립,062-342-5804,cunjagim@example.org
배영수,75508,충청남도 괴산군 압구정로 430-30 (순옥황구리),은정정마을,043-177-1106,areumi@example.org
강지훈,99668,세종특별자치시 강서구 논현거리 지하197 (서윤최양리),예원이김타운 669호,019-719-5551,yeeuni@example.net
성혜진,73549,전라남도 포천시 논현325길 706 (미경김동),예지김타운,031-233-5617,eunyeong79@example.org
황은서,81657,충청북도 동두천시 역삼가 863 (현정최권마을),현숙김마을,016-268-3680,jeongsui@example.org
문예진,48410,서울특별시 양천구 서초중앙243거리 928-40,지은서이빌라 15동 764호,055-888-6789,qi@example.com
김병철,63292,충청남도 부천시 원미구 선릉5로 850 (현준박김면),지후안강빌라,055-541-4133,junyeong86@example.org
박영식,48355,강원도 춘천시 개포36로 729-23,은주차나빌라 017호,051-263-4169,vsim@example.org
고상호,10285,충청남도 삼척시 선릉가 204-33,숙자최마을 457호,017-141-2733,jihye34@example.com
김은영,43291,인천광역시 관악구 강남대03길 138 (정훈나안리),병철이이빌라 088호,043-141-3462,yeweongim@example.com
황영길,34023,전라남도 부천시 소사구 석촌호수96로 904-69,영미박안아파트 386호,02-3613-8504,iyu@example.org
최동현,05815,대구광역시 서구 영동대가 235 (경자박동),서연박안아파트,062-049-1989,egweon@example.net
김서준,06061,경상북도 제천시 선릉0거리 220,우진윤빌라 896호,018-954-1296,gyeongja52@example.net
이채원,60596,인천광역시 용산구 개포가 646,순옥김심마을,043-910-7075,zyun@example.org
김시우,50827,경상북도 계룡시 영동대2로 251-21 (현준유읍),영호최황아파트,062-784-5085,mgim@example.com
박예은,30548,인천광역시 강서구 도산대로 228 (지아이강리),종수김김연립,053-255-7430,coesujin@example.org
이수진,38527,충청남도 안산시 상록구 삼성68가 916-92 (상현서리),도현이연립,070-4610-9796,jinu78@example.org
차재현,97638,경기도 가평군 개포거리 145,종수나빌라,055-936-1911,iyejin@example.net
이준영,07159,부산광역시 강남구 양재천가 211,순옥김김마을,070-4572-3121,ci@example.com
김광수,22898,광주광역시 영등포구 언주37가 390-75,은영김류마을 N동 731호,061-649-9812,eunseoo@example.com
한민지,31213,부산광역시 성동구 반포대922거리 640-26,정희박서타운 880호,051-613-1814,minseogcoe@example.net
김성수,87366,울산광역시 관악구 봉은사964가 250-1,수민김마을,018-832-4627,gyeonghyi09@example.net
김정자,21955,경상남도 영동군 테헤란거리 239-33 (하은김이리),은서최양빌라 B동 291호,061-679-6453,ganghyeonjun@example.org
이예지,09549,전라북도 아산시 압구정길 863-73,영진이타워,061-991-6397,yeongceolgo@example.net
이경수,18224,경기도 철원군 잠실길 95-2,민재박김마을,063-002-4157,gimeunjeong@example.net
김병철,24702,울산광역시 북구 양재천852거리 957,수민김안타워 T동 829호,033-479-8415,bagjia@example.com
오동현,34826,경상남도 횡성군 오금573거리 544,서연안연립,019-110-0548,bagjeongsig@example.com
이예지,48886,충청남도 용인시 처인구 역삼5로 지하169,정희이아파트 956호,053-265-7592,minsucoe@example.net
김상현,06770,대전광역시 강서구 석촌호수002거리 842,정웅조오아파트 416호,051-239-3993,ebag@example.com
정지훈,88205,울산광역시 북구 개포961가 540-81 (준영송읍),민준이이연립,018-899-0732,songyeongsu@example.com
박준영,22465,울산광역시 성북구 봉은사8가 599-19 (지후권리),영순박아파트 275호,02-8169-2282,sinyeeun@example.com
김미정,64730,부산광역시 동구 가락7로 900-73 (경숙최마을),준서최마을 O동 855호,02-6055-5176,ogsun98@example.com
강성진,71387,충청북도 금산군 가락73가 186,지혜박최타운 545호,061-189-9742,namyeongceol@example.com
이정숙,11388,인천광역시 서대문구 삼성로 355-54,옥자백마을 337호,062-448-3365,jaeho73@example.com
김종수,42768,전라북도 안산시 단원구 개포거리 101 (지연이읍),민지김김타워 나동 837호,043-373-8371,seojinho@example.net
이영미,73729,세종특별자치시 성동구 언주가 625-87 (지원김면),수빈김마을 L동 428호,032-137-3053,hyeonjeong27@example.com
최영숙,49476,광주광역시 중랑구 봉은사56로 92 (진우문권동),도현양타운,053-645-7391,qi@example.net
송영순,64534,울산광역시 금천구 반포대40가 328 (경자김읍),미숙김마을,017-107-8435,yeeun81@example.org
김예진,69942,울산광역시 종로구 학동003가 73,옥자김유빌라 E동 296호,070-9920-8278,ugim@example.com
김지은,71958,세종특별자치시 구로구 선릉길 55 (지혜김동),은경이연립 L동 599호,051-870-4646,minjun42@example.com
이지아,31960,전라북도 안산시 백제고분거리 289-16 (영미곽마을),도윤김김타운 129호,043-015-5900,ryuareum@example.net
한은경,45435,인천광역시 성동구 압구정거리 156-67,성진김연립 160호,062-028-1319,sugja70@example.org
임순자,80846,울산광역시 서대문구 반포대가 862,경수김타워,053-746-5352,sonyeeun@example.net
김민수,15211,충청남도 횡성군 서초중앙695가 779 (준영오문리),서현이마을 593호,02-5681-2053,yeongjinhong@example.org
구민지,07510,충청북도 김포시 양재천78길 963,수민이연립,018-630-5160,ran@example.org
김미정,77039,광주광역시 서대문구 가락732가 지하442,영철김박아파트 994호,054-689-7074,jinugim@example.com
김유진,38916,강원도 수원시 영통구 석촌호수98가 86 (하윤배면),진우황박타운 W동 855호,051-242-5194,sanghoo@example.org
김상훈,87055,서울특별시 동구 가락17가 지하71,영미안연립,033-192-6182,fi@example.net
한정순,08650,충청남도 평택시 서초중앙4가 342 (영철이마을),미숙이연립,042-807-8136,abag@example.com
이혜진,48515,경상북도 청주시 청원구 도산대거리 883,예지홍아파트 바동 925호,010-6744-5775,di@example.net
손지연,81788,경상북도 안산시 단원구 서초중앙로 301-57,중수황빌라 W동 492호,018-248-9754,siu40@example.com
이미영,46276,부산광역시 광진구 선릉84로 792-14,현숙최연립 F동 144호,043-376-6363,jungsu86@example.com
이서윤,18846,제주특별자치도 원주시 반포대가 지하342,현준이이마을 V동 911호,063-205-0220,junyeongjang@example.org
홍성훈,48738,강원도 천안시 동남구 반포대로 823,옥자최이아파트 704호,070-0927-5661,seongho28@example.net
김서윤,24591,충청북도 수원시 영통구 학동가 지하109,현정윤연립 594호,010-7849-8176,oryu@example.net
최현정,58849,부산광역시 용산구 테헤란14길 369 (선영김주마을),상훈윤조연립 405호,044-811-0027,sunog72@example.com
김숙자,99036,대전광역시 관악구 학동거리 430-23 (시우이리),영길황아파트,033-485-4181,jangjaeho@example.com
권은서,80542,세종특별자치시 도봉구 반포대거리 856 (준호이황읍),은정권타운,053-470-2129,yejii@example.net
박재호,91736,전라북도 영동군 논현33거리 581 (정수이윤리),지후김김연립,063-636-3384,gimseongmin@example.org
김예준,70245,제주특별자치도 의왕시 강남대로 지하214,영미김빌라 212호,044-618-5704,anminjun@example.org
황채원,25270,인천광역시 종로구 서초중앙0가 69-56,준영이이아파트 V동 339호,062-764-4364,ccoe@example.com
이영순,76020,강원도 부천시 오정구 가락970거리 지하99 (진우이이면),은서이빌라 O동 517호,063-373-6392,sujini@example.com
최하윤,04301,광주광역시 용산구 도산대로 855 (은경강리),지아심마을 951호,053-520-8873,jeonghoi@example.org
손지연,56413,대구광역시 성동구 봉은사길 966-15 (현숙김면),춘자김류마을,041-812-0110,gimmyeongsug@example.com
우예진,38812,서울특별시 중구 영동대4거리 481,서준남이빌라 N동 985호,010-2700-7404,seonghungim@example.com
김승현,07715,대구광역시 금천구 압구정가 955-8,정수오타워,063-323-8306,seoeunyeong@example.org
김은경,76770,부산광역시 양천구 석촌호수거리 907-68 (주원김마을),수진남타워,033-918-1017,jaehosong@example.org
박예준,69830,경상북도 양평군 백제고분길 393,지영이김아파트 바동 250호,053-150-6948,minjun84@example.net
박현준,55679,전라북도 천안시 동남구 학동로 628 (혜진정동),순옥김김연립 W동 823호,053-387-6924,jiahan@example.net
오은지,67480,강원도 홍천군 서초대로 121,현지서김아파트 452호,018-385-1321,jungsu03@example.com
박서현,74145,울산광역시 중구 서초대856거리 465,도현최타운,016-784-5775,nogyeonghyi@example.net
최진우,36491,충청남도 안산시 개포64로 163-25,정훈배마을 F동 231호,031-340-7007,ni@example.net
김영순,60180,충청북도 안양시 만안구 역삼가 863,도윤권마을 131호,061-827-7697,yeongceolbag@example.com
박아름,98249,충청북도 용인시 수지구 영동대가 788,준혁박아파트,043-489-5995,gangsanghyeon@example.org
한정수,54412,울산광역시 성북구 선릉7가 771,영미이이마을 T동 231호,043-269-2368,dhwang@example.org
김정수,40573,강원도 청주시 서원구 선릉가 455,진호성주연립,054-317-2041,yungyeongja@example.org
김상훈,65019,부산광역시 송파구 오금거리 966-32,지후김배마을 L동 272호,041-246-5665,gyeongsugu@example.net
이영호,03595,대구광역시 강서구 압구정9가 758-40 (미영이박읍),혜진송빌라 212동 687호,016-198-0240,minjae34@example.net
이준호,69188,충청북도 안산시 상록구 도산대거리 217-78,지훈유안타운,051-296-1027,yunseoha@example.org
최준서,08600,경상북도 보은군 서초대0로 986,순옥백타운 B동 616호,061-387-3731,coejongsu@example.com
이정남,03474,제주특별자치도 삼척시 봉은사661로 716,진우한신타운 나동 394호,053-826-8710,kbag@example.com
최정자,56196,광주광역시 중랑구 강남대203거리 420-78,현준박이타운 050호,051-838-1245,seojun77@example.net
서성수,32972,제주특별자치도 포천시 서초대거리 476-66,은주이타운,052-152-8209,ngweon@example.net
장경자,32076,대전광역시 동구 양재천길 733-96,상현민김연립,064-742-9478,gimcaeweon@example.com
손예진,10630,충청북도 논산시 백제고분245로 225 (옥자임읍),영진장조아파트,062-254-7425,di@example.com
하성진,78039,전라북도 화성시 도산대길 915,명자한이타워 664호,053-197-6341,kjo@example.org
김현주,65601,경상북도 군포시 압구정71로 458-80 (정희이면),민재이배아파트 다동 090호,061-513-3608,gimseoyeong@example.org
장성훈,87332,대전광역시 서초구 백제고분가 79-98,시우이타운 93동 108호,043-147-4864,gyeongsuyun@example.net
김상호,09290,경상남도 청주시 서원구 잠실891로 798-29,정훈한마을 116호,051-027-2784,njang@example.org
이수빈,86172,울산광역시 금천구 학동7가 765 (시우황면),은경최아파트 760호,031-711-7455,seongsunog@example.com
김영식,58585,울산광역시 서구 삼성로 68-95,미경강타운 149호,031-026-2056,jeongsugi@example.org
진서연,83080,광주광역시 성동구 논현023거리 268,성훈김이타운 958호,010-8439-3631,sonyujin@example.org
이선영,48519,서울특별시 동대문구 역삼551거리 538-20 (정순최김동),지민이마을,011-410-5289,pbag@example.com
박숙자,44520,제주특별자치도 영동군 압구정길 지하412,정숙김곽연립 P동 016호,062-338-2772,jeongho04@example.org
김영호,01746,경기도 용인시 수지구 삼성로 440,미정하김연립 267호,070-3790-6985,junhogim@example.net
고영수,95269,세종특별자치시 광진구 가락가 635-54,지후김연립,042-517-2393,ryueunseo@example.com
권순옥,53100,경기도 안산시 단원구 서초대거리 564 (영자김강동),민수김마을,011-526-4465,ominjun@example.org
이예진,45706,전라남도 홍성군 테헤란490가 508 (서준장최리),경희이타운,018-616-6033,qbag@example.com
김숙자,32281,강원도 속초시 가락7로 지하107 (서윤강서면),진호서심마을,061-340-1408,sunja43@example.org
이지은,14746,인천광역시 동구 논현43가 520-27,은서김이마을,018-013-5324,dohyeon79@example.com
류준영,64439,부산광역시 중랑구 학동길 935 (윤서이안면),은경김노타운,017-584-8569,coejunyeong@example.com
최수진,41745,충청남도 금산군 잠실21가 468-96,준호우연립 737호,063-446-6712,hayun15@example.com
강서현,75620,인천광역시 양천구 강남대975가 319,민서민타운 594호,043-683-7972,gimseonghun@example.net
김광수,72292,제주특별자치도 태안군 양재천가 271,아름이김빌라,061-061-8552,ri@example.com
진준영,84125,경상남도 안성시 오금가 382 (숙자황김마을),정희서김마을 853호,064-777-5460,jieunbag@example.com
구영수,29766,경기도 청주시 청원구 역삼로 333,동현이아파트 J동 881호,032-097-9610,coemigyeong@example.com
신채원,14690,서울특별시 종로구 선릉길 995-25,민지김정연립 676호,061-294-1492,ygang@example.net
정현정,07680,경기도 제천시 백제고분가 437-12 (정수김면),윤서이김아파트,031-356-9561,sanghun10@example.com
심옥자,80813,전라북도 파주시 언주20로 599 (지혜김리),도윤박빌라,031-663-6965,bagminjae@example.org
강준호,22940,대전광역시 동대문구 반포대길 792-36 (수민이이면),민준이마을 319호,018-372-2768,dnam@example.com
고수민,06665,충청북도 수원시 잠실9길 334-54 (정남황곽마을),예지이박타운 V동 438호,041-032-5328,sonseongmin@example.net
김영호,72272,강원도 태백시 양재천거리 99 (미정박마을),예준윤아파트 438호,017-294-6358,gangsangceol@example.com
김도윤,84173,경상남도 서천군 압구정5가 191-39 (영수안이동),지원최아파트 J동 139호,042-451-3919,sunja48@example.com
성지우,47793,인천광역시 남구 가락거리 818,옥순김오빌라 519호,054-561-6591,subin84@example.org
김영순,00779,경상북도 용인시 기흥구 가락8로 347,지은이마을 733호,041-841-6425,doyun97@example.com
오영진,66547,대구광역시 서초구 양재천길 923-80 (서영김동),명자김연립,062-927-3644,iseongho@example.com
최현숙,55134,인천광역시 도봉구 역삼가 653 (경자오동),중수김김빌라 X동 930호,062-798-1534,kgim@example.net
남은서,86978,경상북도 홍천군 도산대212로 563-68 (민수박동),준혁이연립 201동 705호,063-648-7977,gimyeeun@example.com
이성진,14348,제주특별자치도 포천시 테헤란919로 23,옥자김아파트 542호,064-750-0383,jinu51@example.com
장성현,14583,경상남도 성남시 중원구 잠실315길 188-11,수진박타운 291호,042-895-4994,gwagyeonghyi@example.org
이정호,89547,울산광역시 종로구 언주06길 820,정웅김마을 A동 005호,070-2036-0894,sonjiweon@example.com
이건우,80678,인천광역시 서구 양재천1거리 219-3,지우김김아파트,018-941-4931,dohyeoni@example.com
윤지연,68373,경상남도 광명시 압구정719거리 904,옥자박마을 A동 174호,016-494-3375,byeongceolbag@example.net
김미숙,68751,인천광역시 양천구 개포496거리 715 (정수양박마을),상호류이연립 699호,033-927-7754,yeongsig36@example.org
이영일,97318,대구광역시 영등포구 역삼로 539-12,병철권박타운 799호,053-686-5741,coejinho@example.com
윤민준,16508,충청북도 성남시 분당구 테헤란20로 219-55,성민이김타운 A동 248호,019-873-2745,jaehona@example.net
김지혜,86982,충청북도 논산시 석촌호수6거리 615 (민석안이동),은지홍아파트 Q동 233호,032-740-7396,iminjae@example.org
손영길,33312,제주특별자치도 안양시 동안구 가락가 860,영수이박연립,064-715-0505,eomeunseo@example.net
김지훈,27964,세종특별자치시 중구 강남대로 38-44,순자김빌라,019-553-2492,imiyeong@example.net
김민지,38329,광주광역시 중구 영동대36길 792-34,재호권김타운 T동 661호,010-8427-7361,jia06@example.com
임현정,61946,충청남도 시흥시 영동대76길 432-43,하윤김빌라,042-545-9919,bagyeeun@example.net
서은영,55461,강원도 평창군 백제고분길 466-51,준서김마을 341호,018-709-4488,gwangsugim@example.com
박지훈,09190,대전광역시 용산구 학동7길 964-10,도윤윤김연립,052-140-9858,gyeongsug35@example.net
오현정,78435,전라남도 안양시 동안구 서초중앙길 467,영철박권타워,016-292-8390,hajeongung@example.org
오윤서,89116,대구광역시 은평구 오금1가 881-43,선영박마을 Y동 179호,031-384-4770,yeongjajang@example.com
강정호,39900,충청북도 청주시 상당구 가락5길 지하501 (은지민김리),영수최이마을 336호,062-488-9383,jryu@example.com
황진우,08158,제주특별자치도 진천군 봉은사가 12,명숙유박타워 라동 353호,032-874-5532,gyeongsugweon@example.com
이시우,47340,인천광역시 동작구 서초중앙가 108 (현지김마을),순자이김아파트 U동 227호,061-884-9918,sangho23@example.net
노서윤,30006,대전광역시 동작구 백제고분거리 268,미정박마을 463호,054-612-3955,ijihyeon@example.com
김순자,12029,경상북도 청주시 상당구 학동가 160,미숙박이타워,055-662-6857,seoyun07@example.net
나옥자,81445,경상북도 증평군 가락564로 717 (미경박면),상호류아파트 A동 107호,070-6139-5331,baeghayun@example.net
김시우,04443,충청북도 음성군 오금17가 364-23 (성진김김마을),현정송전타운,053-903-1558,jeonghyi57@example.org
윤영수,69011,경기도 보은군 도산대로 234,중수이조빌라 833호,02-2381-4447,yeji79@example.com
권영숙,33383,충청북도 영월군 강남대48로 392,경희남마을 417호,043-400-8266,minsujo@example.com
배미숙,26123,대구광역시 구로구 논현로 228,정수이아파트 I동 758호,031-825-0773,gimyeweon@example.net
박은정,05451,경상북도 청주시 상당구 백제고분길 891-68 (성호이리),정훈김김타워 L동 610호,055-781-3738,zu@example.org
김은주,16487,서울특별시 관악구 역삼73길 374-29 (성민임동),경숙곽빌라 526호,041-780-2363,gimeunyeong@example.net
곽은영,94353,부산광역시 성동구 서초대가 지하782 (예은박리),준서김최아파트 H동 622호,070-6398-1993,gyeongsu18@example.net
윤경숙,77250,부산광역시 관악구 봉은사가 322-67,지혜황타운,051-955-4424,jangminjun@example.com
최미영,04719,경상북도 횡성군 잠실길 438,예준류연립 S동 602호,052-212-5866,dgim@example.org
황지혜,09015,충청북도 단양군 학동가 741 (주원이면),준혁김이타운,070-4225-2808,ii@example.com
이정남,37193,인천광역시 은평구 잠실거리 184,진우심빌라,017-763-2121,hyeonjun95@example.net
김하은,81400,경상북도 용인시 기흥구 강남대471길 342-59,정자황최타워 J동 106호,055-484-3893,lsong@example.com
이경수,83232,전라북도 이천시 도산대15로 지하834,명자김강타운 602호,053-076-7856,pyun@example.org
손영진,86942,충청북도 보령시 학동2길 701-63,영진남권마을 545호,062-245-6803,cunjayun@example.org
윤현지,30137,경기도 양주시 백제고분270로 54-83,상철백아파트 673호,051-829-0268,geonuhong@example.com
고지원,42097,충청남도 부천시 오정구 서초중앙가 203 (옥자박이리),민석김장아파트,010-7678-1058,jeonghoseo@example.org
손아름,16361,부산광역시 금천구 반포대6길 922,유진엄황타운,042-973-7320,wjang@example.net
한예지,23884,충청남도 청양군 역삼990가 854-36,진호이연립 가동 227호,070-8443-1590,jimin75@example.net
김영진,15687,서울특별시 금천구 백제고분가 762-92 (영수김차동),현우송빌라 V동 492호,041-891-4520,ijeongsug@example.org
권지후,33678,서울특별시 강남구 학동497로 7,영수최최타운 가동 402호,053-143-3713,jeongjai@example.com
송은지,32876,부산광역시 서구 잠실436로 404-55,하은배박타운 874호,018-930-5769,seojeongnam@example.org
류옥자,09710,전라북도 수원시 장안구 가락가 780,보람윤주아파트,017-463-1024,yeeungim@example.com
박정식,73450,대구광역시 마포구 개포거리 939 (준혁오이마을),민준노박타워 L동 386호,042-590-1349,yeongjacoe@example.org
송정수,60177,제주특별자치도 안양시 만안구 백제고분길 214,정호박신빌라 716호,063-737-8231,bhwang@example.org
최수빈,20279,인천광역시 서구 오금994거리 353-14 (지혜이백읍),성현김남빌라 21동 151호,017-208-1203,junyeongryu@example.com
손순자,20777,경기도 화성시 개포가 지하976,서연배진연립,042-418-6507,hyeonugweon@example.org
문명자,59886,경상남도 가평군 선릉로 386 (영호황윤면),서현박연립 O동 504호,070-1745-5176,mgim@example.com
류순옥,71429,인천광역시 북구 서초중앙길 428,옥자박타운 514호,010-9261-8495,dohyeon43@example.com
우광수,86349,제주특별자치도 횡성군 서초중앙7가 지하451 (종수이심동),종수조조빌라 X동 025호,044-936-6558,seongeunju@example.org
백보람,76072,대구광역시 양천구 삼성5가 595-97 (성민김동),지후지타운,063-386-2666,yunseo78@example.net
권윤서,18250,세종특별자치시 서대문구 선릉거리 140-46 (은주한마을),춘자이김타워 H동 105호,042-591-1796,mseo@example.com
류도윤,97277,경상남도 청주시 흥덕구 양재천길 585-16 (영길김강리),중수이김타워 037호,017-854-8309,gyeongjagim@example.org
홍동현,50596,제주특별자치도 음성군 잠실거리 953 (정웅이마을),지은이타워 110호,070-2225-3713,bgim@example.org
이서영,30959,제주특별자치도 안산시 단원구 서초중앙가 631-41 (미영이서마을),현준김우타워 마동 468호,070-3626-6778,yeonghwan55@example.com
조중수,90080,충청북도 성남시 분당구 봉은사로 318-7,예지박박마을 127호,070-7437-3775,yejun54@example.org
장영철,37236,제주특별자치도 논산시 논현035로 515-56,영희김김연립 나동 533호,02-0780-8896,jiweongim@example.org
홍민서,30556,충청북도 평창군 압구정거리 244-49 (윤서김안읍),서준김김타운 E동 491호,064-770-6462,seonghogim@example.org
안영희,07610,대전광역시 서대문구 도산대1거리 516-4,예준김고마을 470호,063-136-9418,donghyeon18@example.com
박영식,10285,세종특별자치시 광진구 가락26거리 635,미영이강타운 541호,054-419-9546,jiyeongim@example.net
이영식,97776,전라남도 이천시 백제고분49길 882-81,수빈김김타워,041-549-1490,eunyeongsong@example.com
오명자,03190,세종특별자치시 마포구 서초대길 451-91,민준김타워 162호,016-905-5223,jeongsiggim@example.org
장은서,75386,경상북도 용인시 기흥구 학동길 369-37,현지이장빌라 278호,042-754-1681,minjaecoe@example.com
김경희,71796,인천광역시 서초구 잠실3가 132 (서윤김마을),경희황박연립,019-903-3467,gimeunyeong@example.com
류재호,24424,광주광역시 영등포구 개포5거리 663 (지현이리),현주조김마을,010-4004-5541,junseo45@example.com
홍성진,53143,강원도 수원시 언주7길 지하834,우진김타운,016-322-1188,jieun73@example.com
김지영,25202,경상남도 옥천군 역삼로 지하361,상호이최타운 535호,019-021-7596,icunja@example.net
이재호,50862,인천광역시 송파구 가락459가 405 (선영김읍),영순조타운 566호,070-1796-3094,yeongsun80@example.org
조하윤,17318,부산광역시 중랑구 삼성25거리 618 (건우김마을),민준류타운 532호,062-089-6622,yejuni@example.org
김영호,35404,제주특별자치도 부천시 원미구 봉은사96가 676-54 (정수권노마을),예원이타운 679호,043-077-4950,ihyeonu@example.com
김영순,64228,강원도 용인시 수지구 서초중앙338로 634,영길이빌라,017-777-3880,yeongil92@example.net
김민수,51664,울산광역시 동대문구 반포대길 286-32 (민석김정읍),성수이타워,017-398-8737,mijeong26@example.com
강현지,13050,전라남도 영월군 서초중앙57길 982,하은박빌라 L동 211호,017-802-1076,sunjagim@example.net
한현정,74069,충청북도 고성군 서초중앙로 580,성현류빌라,042-070-5208,sgim@example.net
윤준영,53618,충청북도 인제군 영동대53로 50 (지우이류동),옥자김아파트,031-714-8594,jcoe@example.org
김정순,93610,충청북도 예산군 반포대거리 662-45,정수이황타워 645호,018-694-3923,bgim@example.org
박순자,29051,경상남도 용인시 기흥구 반포대가 69-26 (준서손읍),건우서아파트 831호,031-694-1299,ogjagim@example.net
안정수,55804,서울특별시 강동구 가락가 444-7 (영식한마을),미정진홍연립 817호,044-138-0967,sujin75@example.org
백진호,32777,부산광역시 동대문구 압구정586길 324-24 (성수윤읍),서영박김빌라 166호,070-0397-3269,seunghyeoncoe@example.net
오준영,08568,부산광역시 광진구 봉은사6가 906 (현우진면),경수고윤빌라,019-889-3766,tgim@example.net
이정호,58238,세종특별자치시 종로구 영동대405거리 857-49 (성수강리),정순최백타워,053-291-9654,zjo@example.com
윤상현,06052,대구광역시 마포구 가락39거리 447-61,종수김이아파트 라동 376호,016-031-6127,anseojun@example.com
박선영,78447,경상남도 고양시 일산서구 오금가 730-97,경희황황마을,062-167-0521,gimgyeongsug@example.com
이명자,24017,전라북도 평창군 테헤란943로 474-22,예원김타운,010-1022-8704,ogja69@example.net
박종수,10369,경기도 음성군 언주439거리 387 (서윤이마을),예은박마을 641호,031-130-9939,gimeungyeong@example.net
양준서,12592,경기도 보은군 도산대4가 776 (진호박이마을),영철최빌라 G동 256호,061-245-4415,iyeji@example.org
박정훈,03578,대구광역시 서초구 강남대길 지하880,상철윤연립,010-3930-9393,sunjagim@example.com
이진호,77568,대구광역시 송파구 석촌호수338로 937 (재호홍김동),우진김김타워 J동 070호,02-5666-2833,gyeonghyi87@example.com
권영희,99173,충청북도 시흥시 반포대로 562-79,지은박서마을,02-7683-6561,ngim@example.net
이성민,36370,충청남도 고양시 봉은사거리 43 (재현송우마을),예진이오타워,063-734-8364,sgim@example.org
이수민,47482,전라북도 여주시 학동69로 928,민수최박아파트 Y동 036호,011-169-9735,fhwang@example.net
전현준,51658,서울특별시 중구 봉은사42거리 57-70,시우최빌라 287호,051-907-6831,ijunho@example.org
한서준,27572,전라남도 성남시 영동대거리 772 (도현김윤마을),미영류타워,044-892-5378,junhobaeg@example.net
서민지,72833,대구광역시 노원구 가락515가 940-23,수민김박아파트 999호,041-305-1356,qnam@example.org
김현숙,88473,대구광역시 중구 영동대길 7 (예준문동),상철문박아파트 598호,070-2129-9257,xgu@example.net
최성훈,87967,강원도 보은군 가락로 969-90 (춘자이노면),성훈지타워 095호,051-264-0243,agim@example.org
최영숙,53851,대구광역시 금천구 선릉5거리 지하192,미숙권타워 N동 343호,051-262-1533,sanghogim@example.net
김진우,23048,강원도 보령시 백제고분9길 286 (윤서최면),경수배타워,019-509-4347,zi@example.org
이채원,22907,울산광역시 강서구 석촌호수거리 130 (예진최안리),지원김빌라,033-560-4855,feom@example.org
김아름,33828,세종특별자치시 광진구 백제고분68길 21,서영홍박아파트 234호,042-238-8852,nageonu@example.net
이중수,05582,서울특별시 동구 삼성0거리 696 (예은김안마을),민지김최아파트 929호,011-040-2510,pseong@example.org
이옥순,67120,경기도 화성시 선릉길 620-10 (현우노고면),정숙윤마을 J동 690호,011-961-0379,tson@example.com
이미경,67946,경상북도 의정부시 역삼535거리 942,상철이박타워 B동 792호,02-5310-5609,jeongsigsong@example.org
문도현,06928,세종특별자치시 광진구 언주1가 940-4,정훈이이연립 788호,051-790-7671,byeongceol89@example.org
이정수,63559,경상남도 횡성군 강남대3로 272-83 (윤서이심읍),서준류김마을 644호,043-381-5704,yejicoe@example.net
최재호,08286,세종특별자치시 동구 테헤란198가 15 (혜진김윤마을),현지허연립 541호,032-187-3809,eunju09@example.org
김영자,24506,경상북도 태백시 서초중앙거리 654-77 (성수박리),성훈장연립 X동 446호,016-201-6895,gyeongja95@example.net
하경숙,16956,인천광역시 강남구 논현거리 959,정남이이타워 P동 798호,051-564-3042,kgim@example.net
문지은,21077,부산광역시 중구 잠실길 404-90,중수권연립 802호,064-790-2043,cajinu@example.net
조도윤,93939,대구광역시 광진구 언주길 721 (서영최면),명숙이아파트 V동 464호,018-928-9286,namhyeonju@example.org
지경숙,38070,전라남도 시흥시 도산대042로 370 (정수최마을),보람이안타운,052-707-8133,jiacoe@example.com
박수민,18799,제주특별자치도 부천시 소사구 언주거리 297,영철김타운 474호,055-330-4921,minseosin@example.net
박정자,53611,경상남도 수원시 장안구 백제고분6로 601 (지아장동),지원김빌라,062-183-1804,iyeongsun@example.org
서영숙,01767,세종특별자치시 용산구 백제고분3길 957-23,민재윤빌라 392호,052-161-5741,sanghohwang@example.net
황영수,91896,세종특별자치시 북구 가락가 365,재호전빌라 330호,054-692-2606,junyeongcoe@example.com
김경희,18415,경상남도 태안군 오금6가 433-80,경희박이마을,043-940-0934,iseongho@example.org
강은영,46347,광주광역시 강동구 양재천691거리 65-5 (지원박면),미영이마을 H동 173호,054-182-4827,sangceol46@example.net
김정순,71670,전라북도 구리시 반포대6로 지하922 (시우김읍),은주박빌라 M동 469호,017-919-1120,jieun87@example.org
주채원,26951,인천광역시 강동구 개포로 50-30 (승민손류면),지연박타운 053호,018-370-2824,yeongsu32@example.org
전상훈,54928,대구광역시 남구 반포대길 911-65 (은영최면),은지김김아파트 X동 701호,02-9393-3781,ogjano@example.org
김지은,25768,충청남도 안산시 가락2길 793-19,현준이타워 I동 066호,016-690-2715,seoyeong20@example.org
김옥자,07012,경기도 단양군 언주거리 697-86 (은정김리),성호조이아파트 547호,054-673-2505,bagyeweon@example.com
이예진,13410,부산광역시 송파구 논현723거리 814,주원강김연립,061-104-0046,juweon94@example.net
백정식,10248,광주광역시 북구 강남대44가 909-24,명숙구아파트 마동 323호,031-824-8990,gyeonghyi78@example.org
강영순,70904,세종특별자치시 마포구 백제고분7로 603 (하윤진김마을),정순김마을,02-2638-7181,minseogcoe@example.net
고지연,52034,경기도 성남시 양재천3로 지하74,상호박이타워 다동 499호,044-446-8041,sangceol99@example.net
손춘자,91890,광주광역시 성북구 삼성가 711-23,지우황타워 Y동 757호,019-632-9844,sangceol55@example.org
박명숙,31626,울산광역시 남구 언주15거리 786 (민재문읍),미정김김연립 N동 738호,019-117-6895,ygim@example.org
김재현,05513,대구광역시 동구 역삼길 523,성현황타워 다동 206호,033-351-8570,ii@example.com
이영식,54497,경기도 영동군 강남대33길 257-14,유진서연립 B동 152호,042-394-6083,misug27@example.net
이지우,37116,경상남도 화성시 영동대4가 지하132 (순옥김김면),정웅이아파트 T동 541호,052-337-8599,yunseoyeon@example.net
황서연,97411,세종특별자치시 서대문구 학동309거리 지하685 (주원강마을),진우장우연립 I동 018호,070-8094-3338,pgim@example.com
황재현,19816,강원도 과천시 백제고분86길 333-56,예진곽빌라 C동 374호,011-736-3844,myeongsug21@example.net
윤은영,94009,광주광역시 중랑구 서초대339가 807-63 (보람강동),예지박아파트 바동 923호,041-277-5435,seongjin79@example.net
김건우,79836,강원도 용인시 반포대거리 154-34 (경숙이한동),영수장빌라 V동 508호,032-748-5702,hansubin@example.com
이지훈,17552,인천광역시 강남구 도산대가 85-28,보람김허타워,055-397-4288,vi@example.net
강영일,26235,인천광역시 동구 봉은사2로 606,예원이최아파트,019-717-5455,xbag@example.net
이병철,96933,강원도 서천군 선릉3가 898,수민김김타워 X동 975호,064-797-8675,ygim@example.com
김은영,22923,서울특별시 강남구 압구정7거리 946,지후차아파트 208호,052-095-0717,areumgim@example.org
안성호,17560,울산광역시 송파구 서초중앙길 지하370 (지후이이리),예진김전빌라 072호,051-304-6843,junhyeog34@example.net
곽성민,46208,강원도 의정부시 잠실4거리 963 (명숙이최리),순옥백장타워,041-961-8814,siuhwang@example.com
박수민,96846,경상남도 화천군 테헤란길 333,영철엄김타운 105호,063-140-6068,sunogson@example.net
윤경숙,86766,광주광역시 노원구 가락1길 199-10 (옥순김우면),성훈최타워 846호,053-296-3357,jungsu05@example.net
백정훈,42017,경상남도 가평군 잠실156길 752,지훈류이연립,018-850-9916,ieungyeong@example.org
이승현,99071,광주광역시 은평구 반포대거리 648 (지은최읍),우진강타워 E동 172호,053-526-5397,oyeonggil@example.net
김재현,59203,전라북도 태백시 영동대0거리 668-31 (영환최리),순옥김김타워 바동 090호,054-133-4923,yeongjini@example.org
한민서,14780,서울특별시 노원구 석촌호수9가 지하838 (수빈김김마을),현지박구빌라,016-976-4477,xbag@example.org
김영순,66742,전라남도 평창군 가락2거리 223-11,중수노마을 634호,041-585-1805,egim@example.net
윤예진,41787,충청북도 안양시 동안구 압구정거리 지하347,서현노마을,018-601-0823,yeongsigsong@example.org
김아름,19273,충청북도 원주시 영동대로 947 (정순장윤리),준호최아파트 I동 785호,010-9054-0989,misugryu@example.org
김예원,34147,경상북도 강릉시 서초중앙길 127,경희노오타워 G동 628호,043-691-2388,iyeonggil@example.net
박선영,20907,충청남도 수원시 장안구 선릉566거리 208,하은김빌라 395호,031-449-4792,jihyeongim@example.org
박미숙,56945,충청북도 화천군 석촌호수606로 340-4,은주이타운 L동 156호,032-586-8696,coesunog@example.net
김재호,86067,경상북도 남양주시 서초중앙85거리 201-20 (현우장문동),현우김김타운 228호,042-463-0141,geonu59@example.org
이영숙,58551,경상북도 삼척시 언주가 250,영순김빌라,055-193-7610,simyeongsun@example.com
박은서,48402,경기도 옥천군 양재천거리 지하665 (지원성동),영호김타운 375호,054-705-4409,ihan@example.net
이정웅,14887,인천광역시 서대문구 논현거리 810-95,주원이연립,018-761-6856,ji@example.com
김지우,86624,경상북도 평창군 백제고분거리 865 (보람김리),현준박타운,031-526-9734,jeongnamgim@example.com
문수빈,80072,전라북도 동해시 논현9로 584,건우김타운 T동 183호,010-8219-9627,anyeongho@example.org
최미정,35443,대전광역시 강동구 압구정4로 281-86,민준손이연립,041-822-5854,jeongnambag@example.com
김성호,56908,부산광역시 강남구 선릉로 727-19 (지원나박마을),지우박이연립 655호,061-777-7636,jihyeoni@example.com
이예준,59811,경상북도 화성시 서초대거리 707-15,수빈송이빌라 296호,032-148-3287,sanghoyang@example.org
오보람,02748,서울특별시 강서구 삼성82길 37,은지김장아파트 766호,055-478-1987,bagjongsu@example.net
김하은,87399,전라북도 파주시 논현거리 854-42,영환김박아파트,018-329-3636,junyeong79@example.net
김준서,11171,전라북도 옥천군 석촌호수가 지하492 (준영배이면),정순김아파트 704호,053-960-8148,wan@example.net
김예준,12027,서울특별시 송파구 강남대가 930-39 (병철박읍),재현남남빌라 X동 343호,054-348-0137,gimyeongsig@example.net
김영일,25000,울산광역시 중랑구 강남대449길 928,상현우강아파트,018-893-8008,honghyeonjeong@example.net
심윤서,51221,전라남도 성남시 분당구 언주88길 276-66,예지김이연립 마동 374호,032-778-9078,pi@example.org
홍지혜,68737,서울특별시 남구 역삼거리 155-92 (예준이읍),상철강빌라 352호,052-728-9728,gimhaeun@example.org
박우진,16996,제주특별자치도 철원군 역삼2거리 853 (예은안마을),순옥양김타운 195호,033-548-4882,yeonggilgweon@example.com
박은영,37538,경기도 이천시 강남대63로 648,서연이마을 106호,051-939-5710,yejibag@example.com
박영희,83848,세종특별자치시 서초구 강남대0로 105-93,은정장타워,018-874-9579,seongmingang@example.com
김민준,86569,대구광역시 동작구 도산대061길 지하788 (미정황리),민석신이아파트 981호,063-631-0229,fheo@example.com
양우진,24321,광주광역시 서구 봉은사길 97,정순김허마을,019-727-1015,lyun@example.net
강영식,19746,전라남도 진천군 강남대29가 828-26,성민김최아파트 M동 878호,054-220-0856,sumin89@example.org
김정식,62114,대전광역시 동구 오금715길 396 (중수오마을),서연이고연립,032-332-6600,jeongnam09@example.net
홍광수,81535,광주광역시 동구 가락5가 781-25,수진오서연립 O동 842호,051-996-4660,cunja92@example.net
장현준,77473,광주광역시 양천구 선릉38길 911 (진우황동),은경김타운 I동 043호,041-170-9702,gimeunseo@example.org
이정호,71647,울산광역시 서대문구 논현654거리 201-3,정식김남타운 R동 312호,054-410-5690,eunjio@example.net
김민재,64304,인천광역시 강동구 오금로 지하430 (미경이양마을),민재김연립 W동 500호,052-247-7620,sujingim@example.net
이준서,39332,인천광역시 북구 석촌호수46가 799,보람박김타운 O동 182호,041-563-5381,eungyeongi@example.org
이지후,04176,부산광역시 서구 역삼500길 35,지후김연립,031-276-5624,jeonghyi65@example.com
박지후,00199,충청북도 광주시 개포576길 421 (종수홍이리),성민한빌라 208호,064-775-3553,minjun56@example.com
이민수,21212,인천광역시 송파구 개포93로 284 (진호이면),윤서전마을 168호,064-796-6156,junseo18@example.org
구승현,30764,광주광역시 성동구 백제고분046거리 753-21,서준김황연립,02-8112-4099,ai@example.net
백수진,56203,대전광역시 광진구 강남대거리 723,미정최타워 B동 736호,053-463-0883,seojun49@example.net
양준영,97462,충청북도 성남시 분당구 오금49로 72,서영심송연립,032-067-7391,yunmyeongja@example.org
허예은,12129,전라북도 옥천군 역삼로 470-5,지우김마을 A동 740호,043-207-8258,haeunbag@example.net
이현정,33486,경기도 고양시 일산동구 영동대0로 지하517 (지우김면),영길이윤타워 793호,011-150-7254,mijeongi@example.com
김하은,36561,인천광역시 중구 봉은사76로 908 (준영이하동),윤서김권마을,017-229-7412,rgim@example.org
남숙자,70238,인천광역시 성동구 논현로 82 (정순진읍),현준박황연립,042-139-2933,xgim@example.org
박서영,01076,경상남도 성남시 압구정6길 332-2 (지훈박황리),성수이연립,055-449-2418,bagyeongsun@example.com
강서준,45933,울산광역시 서대문구 테헤란45거리 483 (현정김마을),정수김연립,070-9762-2687,areumi@example.org
윤상철,55662,서울특별시 서대문구 선릉가 427-36 (현우박동),영호김마을 N동 242호,054-977-7802,iseoyeong@example.org
이성현,09553,서울특별시 북구 잠실8거리 80-79,서연박김타운 라동 182호,044-664-4682,bagseongsu@example.org
김예원,99860,충청남도 청주시 상당구 서초대거리 961-63,미정김김빌라 067호,054-703-6474,gimseunghyeon@example.net
이은서,58223,경상북도 공주시 압구정0가 640,승민홍빌라,016-057-7648,jihugim@example.com
이영희,96347,광주광역시 성동구 학동45가 797,도윤김최아파트,031-982-8788,kcoe@example.com
엄상호,01831,충청남도 횡성군 잠실가 608,지아홍타운 Q동 595호,018-739-5196,misugjeong@example.org
하민지,77150,광주광역시 관악구 압구정5거리 658,진우윤마을 A동 545호,010-0028-8413,jihu73@example.com
권영호,05488,강원도 단양군 석촌호수115길 817-68 (현숙황강읍),서현최김타워,044-715-8532,si@example.net
배미영,04902,서울특별시 도봉구 서초중앙1거리 807 (수민송이읍),주원김연립 627호,033-935-4617,sgim@example.org
최영호,46962,대구광역시 북구 서초대거리 76-95 (정훈오읍),영자이아파트,033-212-0490,jihyeongim@example.com
박건우,35021,경상북도 수원시 장안구 석촌호수838가 826 (미숙김리),서영윤서빌라 M동 087호,055-933-1588,jangsangho@example.net
박성진,28818,세종특별자치시 중랑구 가락0가 462-30,승민이연립,02-5141-7610,eunseo83@example.com
김정숙,34326,인천광역시 송파구 선릉975거리 110-55,영숙류마을 154호,042-002-4400,yi@example.org
이은정,92391,충청남도 보령시 서초대9거리 377,영호이김아파트 C동 076호,064-757-0899,vi@example.net
박지은,88971,인천광역시 동구 역삼2길 418,영길송박빌라,051-494-4752,haeunseong@example.com
권경수,59203,경상북도 양주시 선릉길 351-44,지연노타운 바동 585호,051-142-3217,ihaeun@example.org
하광수,75216,부산광역시 관악구 삼성1길 75-80,영희윤연립 나동 740호,017-545-1381,ii@example.org
홍미영,05120,세종특별자치시 동대문구 오금0가 637-27,은주윤마을 830호,018-120-1788,caeweon27@example.com
이영희,73184,강원도 부천시 백제고분7거리 764-72,혜진김마을 472동 238호,051-054-7101,kgim@example.com
김지연,16143,서울특별시 강북구 강남대로 222,윤서허문타운 214호,016-292-2853,donghyeon73@example.org
최민지,43056,인천광역시 노원구 석촌호수449로 453-36 (영진최마을),서준송타워,018-687-2028,migyeonggang@example.org
하현준,89310,전라남도 안산시 상록구 강남대6거리 10,재호이신아파트,070-7428-0010,yuyejun@example.org
김진호,56103,충청북도 부천시 오정구 압구정로 607 (채원차이마을),정호김이타워 H동 246호,053-114-8352,myeongsuggim@example.org
박지후,95616,대구광역시 성동구 잠실거리 301-2 (준영김면),서윤서빌라,011-012-7011,tgim@example.net
박영자,66792,인천광역시 금천구 영동대844가 208-71 (옥순김노마을),예원이박타워 다동 755호,070-6130-9575,hyeonsuggim@example.com
안민준,66539,대구광역시 성북구 도산대815길 112-89,현우이이타워,032-475-6144,ci@example.net
손수진,82235,부산광역시 서구 강남대593길 287 (경수황김리),준호배타워 616동 897호,062-195-0863,ujin83@example.com
장지은,57224,대구광역시 동작구 선릉길 431-29 (지우김면),서영박연립 309호,063-269-0137,sujini@example.net
이성민,85388,경상남도 과천시 도산대1길 825,영희이구타운 511호,063-990-1883,seongjin53@example.org
김민지,38254,경상남도 부천시 소사구 오금58가 448-44 (민서우면),춘자이연립 가동 462호,032-062-0698,johayun@example.com
권수진,74736,울산광역시 종로구 논현가 150-1 (예은김하마을),지후남이타워 681호,063-029-7243,jihugim@example.com
노상철,21335,경상남도 용인시 수지구 양재천36가 380-8 (예원구김마을),옥순윤연립 666호,019-755-2511,yuseonghun@example.org
이영철,56836,서울특별시 동구 가락071거리 702,정식심김타워,032-729-8818,dgim@example.org
김도윤,96621,경기도 연천군 테헤란510로 364,성훈윤이빌라,044-273-7364,jangsanghun@example.org
고건우,28767,충청남도 논산시 개포길 276 (상철김읍),현준안마을 Y동 111호,055-810-5869,hi@example.net
박종수,78946,서울특별시 강서구 잠실로 185 (민석최마을),하은윤김아파트 K동 381호,043-775-7274,pgim@example.com
한경희,17370,부산광역시 동대문구 영동대40로 600,민서서아파트 101호,016-653-2061,di@example.net
권옥순,10465,충청북도 광주시 언주134거리 829 (수빈서리),상현김서빌라 270호,02-0858-3752,eungyeong87@example.org
임지민,82911,광주광역시 서대문구 역삼가 363-87,민서이타워 라동 558호,041-734-3738,oo@example.com
김성호,43459,경상남도 포천시 언주로 218,지현이타운 M동 476호,041-328-0852,boram81@example.net
강지연,34152,서울특별시 중구 양재천거리 379 (준호오김읍),수빈이김연립 200호,051-805-7521,qgim@example.net
이상훈,44429,전라남도 양주시 서초대74가 793,상호박김아파트 185호,054-561-8000,jeongsugo@example.com
서은주,43463,인천광역시 영등포구 압구정거리 664,상철권타운 194호,070-0428-7801,cunjasim@example.com
안민재,02031,제주특별자치도 천안시 서북구 선릉길 935,준혁김마을,017-650-0379,ibag@example.com
박민준,78667,대전광역시 중랑구 석촌호수2가 448-95,민석엄연립 바동 430호,017-866-7456,baegyeongsig@example.com
고지후,56144,경상북도 포천시 선릉51로 855,성민김아파트 O동 045호,061-617-1961,bi@example.org
안유진,46260,대구광역시 동구 압구정1가 127,상훈이빌라,016-894-3490,qgang@example.net
한하은,27499,세종특별자치시 동구 압구정2길 660 (준서이김동),현준한빌라,070-2494-8637,umin@example.com
김동현,90446,서울특별시 용산구 서초중앙로 396-59,예진박빌라 S동 025호,011-950-5780,eungyeong09@example.org
최미영,90494,충청남도 광주시 양재천570거리 771,성민서타워 N동 751호,054-169-4498,vi@example.net
양민석,99647,인천광역시 양천구 오금로 지하150,미경김마을 293호,070-9563-3755,gimsumin@example.net
이민서,42725,세종특별자치시 용산구 선릉4로 282-85 (지아김면),순자김박연립 633호,052-664-4895,gimsubin@example.org
서미영,58491,강원도 계룡시 백제고분가 215,지혜홍빌라 U동 301호,052-912-9380,handohyeon@example.com
김옥자,74327,서울특별시 서구 서초대가 148 (현주서동),준서권빌라 P동 365호,061-597-7858,yeongsungim@example.com
최지연,56513,제주특별자치도 안성시 가락679로 217 (예지김이마을),지혜강우타워 X동 937호,018-315-2567,myeongja90@example.com
박상철,46122,제주특별자치도 평창군 개포96길 497 (성호서읍),영희홍연립,016-501-1155,ymun@example.org
유아름,65097,강원도 의왕시 개포가 995 (민지양읍),정호송윤타운,031-825-8848,khan@example.org
김민재,14433,전라남도 원주시 영동대거리 237 (옥자우읍),현우김아파트 Z동 886호,019-597-4994,ijeongung@example.net
이서연,53360,전라북도 제천시 학동372길 719,보람김타워 바동 901호,031-166-9836,dbag@example.org
최성수,89380,인천광역시 광진구 석촌호수거리 420-19,아름황백아파트 T동 400호,019-538-4475,asim@example.net
나채원,59489,서울특별시 강서구 봉은사4가 303 (민재박안동),지영박연립,042-577-2903,kgweon@example.org
최성호,05127,제주특별자치도 서천군 서초대가 43-70,우진한오아파트 326호,031-444-3738,dohyeoni@example.org
김정자,33209,서울특별시 서구 백제고분617거리 445 (윤서이읍),성진김아파트 603호,044-625-7806,pi@example.org
박지우,87822,울산광역시 금천구 양재천로 746-69 (영진유우동),영수김이타워,070-8143-4374,mgim@example.org
이영일,04760,충청남도 태백시 학동거리 285 (민재윤이읍),상호김박연립,052-433-2035,jiyeon81@example.net
김상철,86574,세종특별자치시 동작구 반포대40거리 409 (예준한동),민석김송아파트 Z동 219호,044-819-7581,minji69@example.net
이광수,62337,대구광역시 마포구 서초중앙10로 909-55 (서영김마을),민석김차타운,019-190-0757,hgim@example.org
최현숙,22980,서울특별시 영등포구 학동가 186-79,예은황김타워,042-836-1813,aeom@example.com
황지후,83391,충청북도 동해시 선릉길 178-86 (미경이윤면),미영김황마을,018-341-5422,siui@example.com
김은지,86837,대전광역시 금천구 반포대17거리 456-56,현우이마을,052-218-0283,hayun09@example.org
박하윤,15132,강원도 김포시 봉은사449로 276-55 (성훈윤동),하윤이박빌라 551호,011-940-5136,osiu@example.com
신채원,37494,대전광역시 강남구 영동대766길 51-46,지후박윤빌라,052-661-2879,icoe@example.net
최정식,46450,광주광역시 은평구 양재천가 406 (성민박진동),영수황마을,019-477-6443,idoyun@example.org
권채원,53245,전라북도 천안시 동남구 양재천7가 지하173,민수박연립,051-900-0111,hangyeonghyi@example.org
차성현,25943,경상북도 서천군 논현가 990-94 (지원김동),서연김서아파트 다동 483호,031-995-3095,yhwang@example.org
최상호,02090,충청북도 공주시 반포대8가 28-70,은정김타운 945호,063-025-2013,seongjinbag@example.org
이정훈,42307,전라남도 속초시 잠실길 404-73,지은김이연립 595호,02-9307-2673,bagsunog@example.com
손은서,70148,경기도 충주시 논현거리 43,영철황타워 264호,017-816-9640,baegareum@example.net
최지우,14202,충청남도 구리시 양재천41길 30-12,윤서박타워 614호,033-431-8287,dgweon@example.net
이민준,52853,세종특별자치시 중랑구 도산대122가 지하174 (현주박오리),정웅이타워 K동 797호,041-587-3185,yeweon73@example.com
윤종수,64181,대구광역시 은평구 학동길 41,지혜오마을 Q동 548호,051-653-1261,egim@example.com
최서준,97093,세종특별자치시 강서구 도산대594가 786 (경숙이김리),영자최빌라 Y동 119호,011-751-5636,baghaeun@example.org
김정희,03775,전라남도 금산군 영동대29거리 지하568 (정훈황면),채원장김타워 O동 491호,064-711-0432,coedoyun@example.net
이성호,78321,경기도 안산시 양재천거리 274,영길김박타워 284호,010-4872-3669,hyeonju50@example.org
권미영,42660,제주특별자치도 보은군 영동대11거리 389 (지원김한읍),현지서타워 053호,063-486-6783,jihyebag@example.org
김준호,65213,대구광역시 중랑구 봉은사61로 399-59 (민서박조마을),영길류빌라 031호,031-877-2537,iyeongmi@example.com
최유진,91571,광주광역시 광진구 서초중앙9가 324,하은손타운,019-166-9958,jeonjeonghun@example.org
이준호,40901,세종특별자치시 영등포구 강남대310길 997,우진이문마을 755호,052-781-1898,jongsugim@example.com
이준혁,20337,울산광역시 관악구 석촌호수길 46-95,지아김박타운 H동 637호,070-9038-6537,areum42@example.com
장광수,25651,충청남도 구리시 오금2가 785,예은이마을,011-800-8989,yeongjin31@example.net
문현정,86476,서울특별시 동구 개포가 984-80 (정순이남읍),영식류타워,061-816-6700,mryu@example.com
김지민,08805,전라북도 용인시 처인구 잠실가 35 (준영최마을),수진이이아파트 973호,011-299-5192,xjang@example.org
장영미,34864,경기도 천안시 동남구 서초중앙475거리 791,예원송김마을,031-354-2239,fgim@example.org
김민준,21500,대전광역시 용산구 양재천7가 310-62 (유진김면),민재윤빌라,033-580-6869,yangsangceol@example.com
남주원,46147,인천광역시 강서구 학동가 지하134,정웅이최타워 203호,016-720-9969,eunji30@example.org
박정호,05911,경기도 단양군 봉은사3길 432-15 (예은신남동),영순장빌라 738호,032-701-7769,gimjunhyeog@example.com
배종수,99190,전라북도 태백시 학동788거리 지하542 (채원김김마을),민서이타운 973호,019-792-2587,pson@example.net
김은서,08966,제주특별자치도 당진시 서초대7거리 270 (중수문마을),도현김빌라 028호,062-338-0217,ogim@example.org
전성민,07656,광주광역시 양천구 테헤란815길 366 (지은류김동),미정이타워 316호,02-6106-7389,hyeonjeongyun@example.com
김준호,87252,제주특별자치도 군포시 언주420가 231-4 (지훈심김읍),병철이빌라 601호,055-801-8696,hyeonu58@example.net
이정수,68774,인천광역시 동구 봉은사거리 892 (서현임안동),유진이이마을 758동 763호,016-791-0038,osin@example.com
박지민,23290,광주광역시 영등포구 가락758길 481-53 (재호박권리),미숙신서타워,042-573-5718,sunog47@example.org
장상호,56880,광주광역시 동구 도산대592가 976-53 (경희이동),춘자김마을,070-8728-1664,jeongsig21@example.net
홍진우,30325,인천광역시 광진구 반포대길 310 (순자서리),미영오김마을,033-347-6320,miyeong29@example.com
김지혜,20323,대구광역시 서구 개포42로 322-47,우진주연립 라동 304호,044-900-9699,tna@example.com
이영일,54831,경상남도 성남시 잠실2거리 492-55,지민김빌라 O동 566호,052-151-5776,gi@example.net
정영환,29745,경상북도 오산시 봉은사길 882-38,숙자이장아파트 949호,017-636-2552,seonghun50@example.com
이정자,41178,세종특별자치시 노원구 봉은사거리 72-16 (준서김리),상현김권마을 O동 332호,043-022-2327,oyeongjin@example.net
김은지,95301,충청남도 수원시 장안구 학동404길 962,영수윤최마을,054-749-8321,seonyeongyang@example.org
양현준,31284,충청북도 안산시 상록구 압구정45길 190-89,하윤김타워 34동 425호,054-286-5720,junhyeog23@example.net
김건우,74477,부산광역시 노원구 영동대길 48,하윤이김타워,018-390-6114,gimjunseo@example.org
김도윤,79645,전라북도 이천시 삼성가 32 (윤서조권읍),은정허아파트 N동 072호,063-750-4310,iseoyeon@example.org
정춘자,77980,경기도 영월군 테헤란로 227,성민황홍연립,018-551-3847,oeom@example.org
장현정,40419,전라북도 성남시 수정구 봉은사거리 500 (현지김리),재호김정타워 F동 363호,02-4775-1211,ugim@example.net
최진호,54816,부산광역시 강남구 논현0길 63-65 (민재이읍),지연박박타운 S동 880호,044-656-3572,iujin@example.com
박예원,42069,충청남도 계룡시 서초중앙1거리 994 (준서이서마을),정훈김빌라 491호,063-738-6064,gimsangho@example.com
송진우,80583,경기도 안산시 강남대길 842-85,영환백빌라,016-682-7573,sinhyeonji@example.com
최영수,21937,경상남도 청주시 서원구 양재천로 504,은경윤빌라,061-602-6526,ayun@example.net
박경숙,41030,대전광역시 영등포구 서초대63로 324,정남진타워 67동 737호,016-015-6213,jgo@example.net
이예은,14116,강원도 안양시 만안구 언주463거리 지하39,영수문연립 871호,044-607-6126,jeonghyigim@example.org
류하은,82536,인천광역시 종로구 서초중앙가 878-4,상철서김마을 730호,052-225-4775,jangjihye@example.net
조현준,59459,대구광역시 동대문구 압구정31로 226 (숙자이고읍),은서우권타워 797호,070-9803-7778,ijunho@example.org
장성민,21366,인천광역시 관악구 역삼가 187-77,수민이김타운 528호,031-809-4260,yeji30@example.net
송명숙,65609,제주특별자치도 영월군 도산대9길 279,수민황김연립 006호,02-8722-1308,sujin96@example.com
안미숙,41373,광주광역시 마포구 영동대길 173,혜진손빌라,070-9602-4250,yangmiyeong@example.org
박미숙,43750,광주광역시 관악구 삼성로 550-12,현주이연립 T동 030호,016-858-8759,ggim@example.org
김보람,52172,부산광역시 동작구 영동대463거리 589-73 (민수김읍),하은이이아파트 174호,043-598-0219,imyeongja@example.net
이정남,30898,제주특별자치도 고양시 덕양구 서초대27로 54,영자손타워,011-051-6631,ubag@example.org
곽정남,50121,강원도 광주시 영동대거리 326-80 (승민문면),영철김송아파트 K동 167호,011-465-2733,jiubag@example.com
이승현,90484,경기도 인제군 테헤란33로 889-49,수빈이빌라,043-077-7470,gjin@example.com
황서영,43758,전라북도 남양주시 서초대길 967 (채원권리),민수성김빌라 U동 771호,032-082-6937,oseongho@example.org
한예원,66518,경기도 홍천군 삼성479로 625 (재현김동),정식김송타운 W동 215호,062-749-1582,rgo@example.net
김숙자,22550,세종특별자치시 중랑구 반포대4거리 260-7 (영진최동),민석이마을 J동 805호,043-369-7116,gimeunyeong@example.net
김예원,35800,전라북도 수원시 영통구 역삼가 755-14 (아름조류읍),지훈김연립 B동 823호,042-938-2773,gwagyeongmi@example.net
이도현,27701,충청북도 성남시 수정구 개포0길 111-24,아름이이타운,041-835-5601,jihye34@example.org
성민재,40501,경상남도 수원시 장안구 잠실87로 758 (예은손이마을),미숙유연립 200호,043-709-7803,junseo70@example.org
배정순,50916,경기도 안산시 단원구 학동로 266 (동현이김리),진호이아파트,061-402-7765,hyeonji47@example.net
박영희,10981,충청북도 동해시 개포96가 422 (은주이마을),준서김이빌라,054-753-1916,oo@example.com
이성민,44021,강원도 하남시 삼성로 지하928,건우장마을,031-970-8871,anseunghyeon@example.net
한은지,45226,강원도 태안군 백제고분로 지하608,민석강타워,011-836-1069,jeongja69@example.com
최성수,96132,부산광역시 동구 압구정로 79-44,지후임연립,018-178-8404,esong@example.org
박영수,31016,서울특별시 용산구 가락68가 303-27,재현이타워,064-771-8349,ijunho@example.net
김준호,87736,울산광역시 성동구 서초중앙1길 749-99,민서서연립 932호,063-788-0779,coesangho@example.org
김정순,43804,서울특별시 은평구 반포대로 831,도현김김마을 마동 315호,02-3261-5641,eunji13@example.org
김민서,96364,대전광역시 강서구 학동65로 689 (성민김김마을),경자김김연립 P동 284호,063-490-0610,wgim@example.org
김성훈,99894,전라남도 괴산군 도산대길 308-85,경자노우연립 125호,033-416-6770,jeongsu44@example.com
백상철,04097,인천광역시 동작구 학동길 825,옥순박이빌라,070-7727-9647,yunminseo@example.com
성예은,81329,대구광역시 서구 잠실로 228 (성현박마을),성호이이타운 T동 372호,052-716-0721,jungsugim@example.net
이준영,47483,전라남도 서산시 역삼5로 735 (광수박리),정자이연립 D동 593호,053-017-9191,yeongceolgweon@example.org
김숙자,66247,경상남도 괴산군 석촌호수로 215-38,정훈이타운 411호,032-225-6582,coegyeongsug@example.com
노주원,67485,대구광역시 남구 양재천로 840-60,정자권박타운,033-986-0837,seonyeong42@example.org
김지현,82405,강원도 의왕시 오금8로 88,영식김정타워 바동 626호,010-0226-7077,minsuhong@example.com
강진우,45328,경기도 증평군 삼성가 530 (동현이동),영수차김빌라,051-473-6675,si@example.org
황재호,38338,울산광역시 남구 역삼358거리 850 (보람김윤마을),서연하이아파트,041-055-8862,ugim@example.net
이하윤,33279,서울특별시 광진구 잠실6가 509-40 (정훈오동),아름김김타워 A동 675호,019-340-2565,gimjunhyeog@example.com
심중수,63520,강원도 남양주시 석촌호수163길 515,예진홍박연립 V동 298호,044-830-8193,hyeonjui@example.org
황정수,56985,대전광역시 동작구 반포대01길 지하982 (아름최읍),경수김연립 Z동 371호,016-379-8594,ngim@example.com
김우진,22709,경기도 고성군 서초대49거리 324,예원오타운 926호,052-169-2823,jiugim@example.com
이상호,10072,광주광역시 도봉구 백제고분거리 483-14 (지후박김마을),선영김아파트,041-187-1688,rbag@example.org
양은주,37797,광주광역시 영등포구 논현30가 996,현숙이타워 566호,063-366-1601,ecoe@example.org
최정수,52534,서울특별시 성동구 학동길 지하598 (정훈김면),정희백서타운,042-052-0028,isubin@example.com
김하은,93915,서울특별시 마포구 역삼34거리 336-57 (지우김마을),옥순박연립 602호,043-829-8026,nbag@example.org
김준호,42914,경상북도 안양시 동안구 양재천가 530,경자박타워 722호,053-524-6532,oseongjin@example.com
구우진,23498,세종특별자치시 강남구 가락로 894,영호이타운 790호,044-943-2355,jieunyu@example.org
심서현,50311,경기도 속초시 도산대로 387-23,서연이최빌라 846호,032-952-3899,osangceol@example.net
김서준,87055,전라남도 이천시 테헤란692가 517-49 (은영허마을),경희김백타운 153호,031-830-6205,jihyei@example.com
김명자,40159,광주광역시 서초구 영동대길 664-32 (준호최마을),도윤권황마을 A동 108호,055-978-5569,hyejin57@example.net
박성훈,04770,부산광역시 남구 백제고분가 264,보람정연립 710호,064-734-1117,hayunbag@example.com
손시우,71609,전라북도 용인시 처인구 석촌호수거리 171 (정호오읍),서현이조타워,010-6536-9045,sunogsin@example.com
황정훈,74897,광주광역시 금천구 강남대가 177 (지후박마을),보람하아파트 Y동 035호,017-626-0896,seohyeon35@example.net
최경수,21987,강원도 옥천군 논현길 113-4,지혜이아파트 T동 755호,042-002-7931,myeongsug60@example.com
김지현,82509,대구광역시 마포구 역삼길 707-55,영진김김타운 662호,064-758-4890,yeongjai@example.net
양성민,27671,울산광역시 강서구 삼성길 602-48 (미숙최동),미정송김연립 G동 620호,018-341-0704,ybag@example.net
김경희,04822,경기도 안양시 동안구 도산대로 778-59,춘자배안타운 103호,041-981-7309,gimmigyeong@example.org
박춘자,00074,경기도 단양군 학동58거리 535-98 (지혜김리),순자이김연립 045호,052-937-4554,coeyeongjin@example.net
이성호,33304,충청남도 홍천군 삼성813길 지하144,영희나타운 58동 601호,044-419-2384,yeeungim@example.net
이예원,49563,경상북도 청주시 청원구 백제고분길 342,현주김최마을 L동 283호,010-3530-5727,seoyeonggil@example.com
김순옥,79217,광주광역시 용산구 반포대길 535,현정윤타운 144호,017-270-1675,yeonghogim@example.net
배진호,99084,충청남도 영동군 서초대가 701,중수박타워 544호,053-625-4937,seonghyeon24@example.com
윤민재,09200,충청남도 광명시 강남대길 335-82 (순자이박동),순옥김연립 474호,02-5272-0333,seongjin26@example.net
강옥순,08495,경상북도 평창군 삼성293거리 20,현숙이김마을 942호,070-7807-7103,jungsu48@example.net
강경숙,47866,서울특별시 양천구 반포대거리 70-9 (준영이리),지현이타운,051-263-5993,hongseongsu@example.com
김영호,92314,울산광역시 강동구 언주가 644 (종수박마을),은경김김연립 968호,061-194-2169,ogjabag@example.org
김현정,48057,세종특별자치시 양천구 가락41길 740 (지민조동),선영이아파트 U동 923호,016-227-1774,fo@example.com
송도현,48766,광주광역시 구로구 압구정로 367 (정숙최마을),상철박아파트 716호,016-484-8355,jeongjayun@example.org
김영식,04007,경상북도 양주시 백제고분0길 89-15,선영김서마을 R동 501호,011-581-3012,jiyeon65@example.net
김지영,11607,인천광역시 동대문구 서초중앙거리 988-70,도현김빌라,070-4128-2095,minji70@example.com
송건우,41194,대전광역시 영등포구 양재천9로 429,정남김빌라 502호,042-098-6730,qi@example.net
김순옥,05628,대전광역시 구로구 반포대거리 994-27 (은경김김동),윤서김타운,051-640-6735,di@example.com
김순자,09350,대전광역시 은평구 개포58가 177,중수박김빌라,033-871-8258,ugim@example.com
김옥자,58855,제주특별자치도 화성시 학동210거리 지하475,영일권타운 145동 026호,019-652-5253,jeonghyigim@example.net
김종수,16231,경상남도 청주시 청원구 서초대4길 308-2,순자차강타운 265호,042-628-3872,seungmin78@example.com
서경숙,87026,부산광역시 강동구 잠실96길 343 (예준김박마을),민석권양타운 431호,044-865-1148,hyejinbae@example.net
김정수,35940,제주특별자치도 고양시 일산서구 서초대362거리 552 (주원하읍),은경이김연립 741호,070-8681-0407,ryusiu@example.net
조지연,06331,울산광역시 남구 석촌호수184길 282-36 (영진이박마을),성민김타운 O동 276호,062-698-9261,seoseongjin@example.org
이영순,82383,대전광역시 구로구 양재천가 454-46 (성훈심장리),지현박김타워 Y동 983호,061-863-9781,qno@example.org
서민수,08660,울산광역시 노원구 학동로 지하937 (영길심이마을),병철이박마을 642호,031-884-4924,sunoggim@example.org
이미영,41754,경기도 군포시 반포대길 494-23 (성진윤박면),영미심김타워 673호,010-3067-9617,pbag@example.org
김정남,53133,경상남도 음성군 봉은사980가 421 (도현오김리),정훈김연립 X동 020호,061-233-3763,anyeonggil@example.net
곽상현,40982,강원도 옥천군 봉은사01가 470 (민지이동),중수박연립 Z동 056호,017-801-7885,gimjinho@example.com
안성현,94669,세종특별자치시 용산구 석촌호수61거리 6-8 (상철이구면),주원최타운,043-625-2218,xgim@example.org
강미경,23669,제주특별자치도 고양시 덕양구 역삼6가 지하822 (서준한읍),정웅이타워,019-686-5891,bbag@example.org
최진우,71778,부산광역시 강북구 석촌호수5거리 지하663,지아김강타워,02-0249-3709,jeonghyison@example.net
박영미,06785,광주광역시 중구 잠실38로 688 (건우김동),지현김빌라 P동 767호,044-852-1969,obag@example.com
송성현,46728,전라북도 옥천군 압구정269가 854,영길김타운,070-8940-9291,yeongceol85@example.org
김미영,59861,전라남도 수원시 영통구 반포대6로 736 (정자박리),경숙장엄아파트 G동 180호,070-3093-5033,hyeonjun02@example.net
장광수,98869,경기도 보령시 석촌호수가 404,은영이김마을 A동 320호,017-885-4263,kyun@example.net
홍성호,91647,부산광역시 서초구 테헤란383거리 533-3 (은정윤동),성훈이연립 913호,061-244-4377,jeongsug09@example.org
김도윤,99623,충청북도 공주시 선릉716거리 541-90 (예은최읍),미정김김연립 336호,010-6033-1636,jeongunghwang@example.net
김현우,50699,서울특별시 서대문구 선릉70가 827 (은경김동),민재김빌라 355호,018-951-7396,bi@example.net
박경희,56620,세종특별자치시 중구 논현41거리 지하839,숙자이아파트,062-482-6523,junhyeog16@example.com
이성훈,19049,충청북도 안산시 학동가 지하138,서영이타워 258호,041-788-7949,seojun98@example.com
박민지,54844,강원도 보은군 가락999로 705,숙자차아파트 612호,043-451-0810,tgim@example.org
이지우,38347,대전광역시 성동구 삼성로 889 (수진김안읍),경숙한이연립 B동 734호,033-893-5348,ihyeonjeong@example.org
구준호,26872,부산광역시 강동구 논현길 278-82 (도윤이마을),지우류연립,017-158-3439,gi@example.org
오순자,48635,인천광역시 노원구 선릉로 727,영미홍황타운,064-796-0811,gimjaeho@example.com
성영진,13672,제주특별자치도 과천시 양재천길 588 (건우박면),영식차노아파트 797호,031-339-6379,minji83@example.com
안옥순,46737,세종특별자치시 관악구 선릉073거리 161-11 (영호백마을),영자김김타운 Z동 896호,02-4590-3715,xbag@example.org
강아름,69389,울산광역시 강서구 양재천4가 353 (영환한동),서연김강타워,032-232-0279,gimyunseo@example.net
하미정,10003,전라남도 파주시 언주83가 706-25,경숙허이아파트,043-949-1477,hyejinhwang@example.com
강정순,23088,세종특별자치시 서대문구 논현거리 지하703 (정숙김심동),명숙최최연립 236호,053-215-7175,jiabag@example.net
허정남,36553,광주광역시 은평구 잠실58길 104-40 (은정김김리),민서김강타운 J동 929호,02-1377-8479,zseo@example.net
한민수,16438,대전광역시 서대문구 봉은사로 404-18 (예지김마을),민재최김연립 P동 964호,031-081-7076,jeongho91@example.net
황경희,08581,경기도 정선군 테헤란거리 303-52,진우박아파트 라동 789호,019-944-2893,jeongnamgim@example.net
정예원,84219,광주광역시 북구 도산대377로 657-9,영숙박빌라 B동 443호,041-724-8205,minjunsong@example.net
김현지,64256,전라남도 보령시 반포대1거리 82 (은영권리),동현이연립,017-147-0474,jaeho83@example.org
김유진,84141,전라남도 구리시 석촌호수거리 218,지연차최빌라 라동 140호,019-671-1934,myeongsughong@example.net
양영호,61342,제주특별자치도 오산시 개포87거리 377-49 (성민장윤마을),영호김타운 T동 738호,064-751-8096,yeeungim@example.org
송진호,87031,전라남도 강릉시 서초대로 979-98,지후박빌라 549호,032-705-0361,ijihyeon@example.net
박유진,68103,서울특별시 종로구 강남대길 552,시우홍연립 K동 342호,055-005-3676,gimjiweon@example.org
손경자,17429,제주특별자치도 수원시 팔달구 언주거리 252-31,성진양마을 Q동 668호,018-939-3033,gimcunja@example.net
이영자,58546,경상북도 가평군 봉은사6길 46-29 (중수김읍),영진김아파트,043-426-9947,xi@example.com
허지영,00680,대전광역시 서구 영동대가 330-8 (경희최강마을),민석윤최연립 396호,010-6496-9546,minseoggim@example.org
우영순,75889,울산광역시 동대문구 오금거리 864,하윤이박타운 220호,031-454-1459,gimseungmin@example.net
홍건우,12347,강원도 동두천시 역삼28거리 246-19 (미숙최읍),승민최타운 M동 579호,017-539-9150,jihye67@example.net
김은지,88290,울산광역시 동대문구 봉은사053로 944,승현이이타워 046호,061-054-2853,coeseonyeong@example.net
이윤서,56793,대구광역시 노원구 압구정가 558-85 (영식이민면),선영이타워 184호,033-811-5119,seoyeon23@example.com
김영길,41557,충청남도 수원시 영통구 백제고분93로 7 (경자민마을),수빈정아파트 316호,042-475-4777,eungyeong10@example.com
이준호,80832,울산광역시 서대문구 삼성가 639 (현숙우동),상현박조아파트 053호,062-900-9813,iminsu@example.org
김정식,42219,인천광역시 동작구 서초중앙722로 지하601,은지장진아파트 023호,031-804-2992,yunyeonghyi@example.org
김준혁,25442,대구광역시 강서구 선릉거리 지하756,채원박김연립,044-474-0725,gimdohyeon@example.com
류영호,52183,울산광역시 용산구 역삼1로 355-84 (수진이최리),영자최이빌라,062-604-1703,seoyeonbag@example.org
이성훈,81813,전라남도 양평군 개포72거리 465,준혁이이타워 603호,070-1790-5274,eunseo17@example.net
박현우,79669,울산광역시 금천구 압구정가 117,지우이이마을 710호,061-703-6735,dyun@example.net
진지혜,57552,서울특별시 서대문구 서초중앙638거리 지하832 (예지김송읍),은주나김아파트 M동 732호,019-338-6958,bageunji@example.net
조하윤,28421,서울특별시 송파구 언주69거리 634-12,정식최김타운 203호,044-740-8106,minjaei@example.com
최예준,17735,대전광역시 서초구 개포315가 273 (민서김김읍),정호최권마을 884호,017-179-3342,yeji94@example.com
성종수,03566,전라북도 파주시 삼성195거리 327-49,경수이이아파트 O동 825호,011-114-1215,eunjeongseo@example.com
김순옥,73401,대구광역시 강북구 양재천로 548-77,성민이마을 W동 584호,062-964-3592,lgim@example.org
권숙자,90971,경상북도 천안시 서북구 잠실326길 781 (상철이동),현주김문아파트 335호,051-196-3778,mijeong38@example.com
나우진,25700,강원도 청양군 영동대로 391 (경희김신읍),성현이연립,042-586-5950,doyun59@example.org
강예은,44289,경기도 괴산군 양재천6거리 287 (지우이이마을),수진백빌라 W동 821호,054-272-0684,gimeunji@example.net
서명자,71542,울산광역시 마포구 백제고분로 433-47 (성현김김동),지은박마을 784호,061-537-9890,ggim@example.net
전지영,29492,충청북도 수원시 팔달구 언주로 지하679 (채원하유리),미숙김최타워 507호,054-768-8165,umigyeong@example.org
한지혜,36290,제주특별자치도 영월군 도산대거리 지하438,정남배최마을 823호,063-740-4507,yeongsui@example.net
박지연,88249,광주광역시 도봉구 석촌호수43길 830-2 (하윤류송동),병철김류타운,051-298-4686,seonghyeongim@example.com
김현준,88813,서울특별시 서구 개포37가 지하877 (준호조김면),병철강타운,063-436-4053,eunjujeon@example.org
김현숙,60504,서울특별시 성북구 도산대길 420-14,지우김김타워 051호,063-196-7374,ujin24@example.net
김성호,39407,서울특별시 중랑구 서초대가 786-78,춘자유빌라 Y동 691호,055-339-5170,agim@example.org
이준영,16284,대전광역시 서초구 도산대길 332-89 (현주하백읍),준서김마을 163호,02-8423-6888,siugim@example.com
최민준,85364,강원도 제천시 반포대919길 162 (상현김리),정웅오이아파트 246호,061-679-5963,gimogja@example.net
박영자,17926,서울특별시 양천구 영동대거리 48-65,성수김연립 694호,018-871-5919,ijinu@example.com
이미영,75732,부산광역시 서구 영동대길 365-85,옥순김빌라 S동 329호,031-373-6458,minjunbag@example.com
이영호,10870,제주특별자치도 성남시 개포가 890-55 (종수하박면),재호김마을 257호,011-395-1473,jeongsungim@example.net
최지우,10048,대구광역시 강남구 영동대439길 39 (상훈이남마을),옥자김타운 A동 693호,041-395-1733,gyeongjagim@example.net
김정수,81287,충청북도 영월군 가락거리 520,서현최안타워 D동 729호,054-404-6927,ai@example.com
백예준,69617,경상북도 수원시 영통구 석촌호수96길 897-62,옥자이아파트,011-687-1687,ogsun89@example.org
황정호,78469,대구광역시 서초구 언주로 906,서영이박타운,051-915-5471,csong@example.org
유예은,58224,충청북도 보령시 압구정05길 942,지원이연립 Z동 545호,041-605-0184,seoyeonbag@example.com
최민석,85672,인천광역시 구로구 백제고분947거리 593-95 (은주김마을),정자장타운 D동 868호,031-870-3873,hyeonjeonggim@example.org
심상철,19865,대전광역시 광진구 테헤란096로 100 (영미이마을),건우조이타워 M동 763호,063-609-8847,ryusunog@example.net
장도현,33302,광주광역시 남구 양재천740길 304 (정숙심이동),현주이김빌라 626호,070-1656-0174,sanghoi@example.com
김명숙,13426,경기도 단양군 압구정4가 475-83 (정식이리),순옥강최연립 141호,016-738-1482,yunbyeongceol@example.org
박민수,94396,경기도 여주시 언주0거리 904-86 (서윤한마을),영일장타워,017-454-9570,sanghyeon32@example.net
하경희,18814,광주광역시 관악구 개포거리 735,예지윤이마을 M동 490호,019-729-6218,dgweon@example.com
박영자,11031,경상북도 의왕시 개포9가 14-38,상철김아파트 J동 717호,062-168-8653,jinu10@example.org
서진우,84787,전라북도 예산군 선릉길 790 (도윤곽마을),시우김서아파트 389호,033-618-4902,ii@example.net
김경숙,65197,전라남도 천안시 서북구 개포길 436 (은영이마을),지후홍아파트 다동 171호,031-680-8199,yeongsuni@example.com
조명숙,07530,경기도 과천시 도산대로 218-74 (순옥김리),재현박연립 998호,010-0602-2152,ijang@example.org
박은주,43025,세종특별자치시 마포구 서초중앙195길 816,하은백곽타워 486호,019-793-7608,subin46@example.net
김상호,74411,광주광역시 성동구 테헤란557거리 지하54 (정희이이리),선영백이빌라,070-7178-9306,gimminseo@example.org
김정희,36442,대전광역시 광진구 잠실거리 653-90,영숙이최연립,053-901-7217,junhyeogi@example.net
김재현,15633,대전광역시 강북구 봉은사31가 968-56 (미정한면),정웅이황아파트 212호,063-633-2882,seohyeon50@example.com
이혜진,39776,경기도 청양군 서초중앙로 699 (수민김동),수민이타워 가동 382호,061-261-8507,yeonggil68@example.net
심지훈,69287,전라북도 증평군 도산대거리 지하128 (현정김최읍),영진강박빌라 482호,061-308-8924,coeeunyeong@example.com
윤상철,28694,전라남도 천안시 동남구 서초중앙로 44 (상호류안면),준호류타워 B동 153호,070-0867-9542,seongsu16@example.com
김영길,10641,전라북도 보은군 오금5거리 505,미정최이타운 가동 838호,010-4502-7080,knam@example.org
이영순,99510,제주특별자치도 양주시 논현083길 지하741,상호최김마을,053-694-0667,lgim@example.com
최현지,28500,인천광역시 용산구 봉은사거리 352,재현이타워,017-262-8750,heojaeho@example.org
김유진,69991,울산광역시 동구 압구정073로 950 (지후최면),우진이타운,055-279-9439,jimingweon@example.net
김수민,94810,제주특별자치도 서천군 반포대9로 97 (영진양리),영진이이연립 W동 818호,019-248-1765,gyeongsug14@example.net
강영호,98176,인천광역시 구로구 백제고분1로 458-45 (예은김김읍),준혁김타운 T동 070호,053-531-7292,misuggang@example.net
이재현,75482,강원도 의왕시 압구정로 239-62 (병철류리),정식이류타워 바동 568호,017-695-8729,jgang@example.org
최영철,95836,대구광역시 서대문구 잠실562가 345-63,영길박박아파트 580호,070-1205-9840,ijunyeong@example.org
류정순,34044,경상남도 안성시 석촌호수6로 258-35 (영진송동),성수김박연립,033-059-5725,heodonghyeon@example.net
오동현,75341,대구광역시 서구 오금거리 634 (경수이고마을),영순김마을 D동 083호,070-5777-7739,eungyeong34@example.org
한영식,95508,대구광역시 서대문구 서초중앙로 232 (상철이이마을),성진김빌라 651호,054-846-7561,djang@example.org
박우진,32162,경상남도 안양시 도산대24거리 2 (은서정이읍),시우김서타운 783호,051-033-6695,junyeonggim@example.org
이민서,90997,세종특별자치시 성북구 석촌호수076거리 625-64,지연허김연립,053-359-9230,cunja98@example.net
장윤서,65254,경기도 안양시 동안구 선릉212거리 511 (민지강읍),영환김임연립,042-060-0132,hcoe@example.org
박도현,23459,경상남도 오산시 역삼로 231,지영남마을,062-209-9280,zgang@example.com
박정순,03405,광주광역시 송파구 학동9로 411-92 (은경김이리),지후주빌라,052-460-7612,gyeongja56@example.com
박상철,67193,전라남도 시흥시 석촌호수559로 650 (지영송동),옥자지연립 012호,055-505-9295,minjaegim@example.org
안정수,00691,충청남도 공주시 논현457로 822 (준영김읍),승민장빌라 K동 507호,044-271-8178,yeongsugjang@example.net
김진호,78553,전라남도 부천시 오정구 테헤란8길 지하81 (성민박읍),지아손오타워 055호,054-528-6613,fsong@example.net
홍춘자,44129,세종특별자치시 종로구 강남대거리 952-69 (영일박리),병철양김마을 F동 128호,070-9823-6638,ijimin@example.net
안시우,38529,울산광역시 동구 오금73길 892-58 (순옥곽송면),도윤김타운,010-3434-7524,gimhayun@example.com
김영자,41122,전라북도 원주시 영동대길 23-83,준서김빌라,044-291-1660,yejuni@example.net
김현준,86960,강원도 광주시 반포대922길 605-69,정호주안연립,064-740-3894,yunjeongho@example.net
엄민석,25199,경상남도 양평군 논현54가 773 (보람김면),정숙황빌라 F동 480호,054-833-4510,bagminji@example.org
김승민,04257,대전광역시 서구 가락97가 265 (미영이마을),승현이마을 R동 763호,042-388-6391,sunogcoe@example.org
서정수,73458,광주광역시 구로구 삼성698길 313-17 (정호이이동),중수박타운 038호,02-5535-1737,minjun07@example.org
김동현,06944,충청북도 포천시 서초중앙6거리 877-44,현숙민박빌라,011-534-1556,hgim@example.org
김명숙,77935,대구광역시 북구 압구정8거리 지하457 (재현이마을),예진권빌라 665호,055-213-2930,minjaehwang@example.org
정현우,12078,세종특별자치시 동대문구 논현18로 921-18,현숙김김마을,063-676-2516,gyeongsuggim@example.net
박순자,78151,경기도 천안시 동남구 압구정가 966,미영김연립,018-228-5181,iyeongil@example.net
최영희,19913,광주광역시 남구 서초중앙가 39,병철우타운 F동 991호,042-841-7370,gimminji@example.org
권영자,67738,인천광역시 도봉구 서초중앙길 12-30,성민서강타워,043-668-1767,seojungim@example.com
최시우,96408,충청북도 아산시 잠실07로 646,지현이손마을 809호,052-161-4445,minjun03@example.com
박경희,72151,강원도 안양시 백제고분로 861-46 (영일오박동),정호양박빌라 150호,062-878-7162,minseog24@example.com
이성민,64811,서울특별시 구로구 봉은사961길 800 (춘자김읍),예준김김타워 Y동 008호,018-451-9026,yeeunjeon@example.org
김준영,20863,대구광역시 송파구 강남대67가 지하660,현숙이한아파트,055-602-2535,hayun82@example.org
최서준,88825,대구광역시 용산구 학동17로 347 (민준송리),미정김아파트,031-170-9098,jeongja61@example.net
이민수,58689,전라남도 성남시 영동대가 658-72,서연이마을,042-655-2715,vgim@example.org
신영철,47476,울산광역시 용산구 백제고분568가 831-85 (은지이황마을),선영김이연립 873호,033-682-3538,coeyeongsug@example.org
홍성수,02293,경기도 청주시 청원구 논현가 438,상호김강빌라 J동 194호,052-498-8275,gimareum@example.org
박정식,26615,경기도 증평군 압구정58길 124-15 (성수이읍),옥자문마을 059호,02-8686-5550,jaehyeon44@example.com
우예은,44543,강원도 양평군 언주871거리 462-75,준영김빌라 B동 014호,063-983-4356,fi@example.net
오서윤,96878,제주특별자치도 천안시 서북구 잠실가 232 (보람김박면),예준김빌라 V동 031호,011-342-7630,yeongsuggim@example.net
김보람,66888,전라남도 양주시 반포대거리 352-61,윤서김타운,018-397-1440,yeongja89@example.com
김춘자,95818,부산광역시 강동구 선릉08길 965 (재호오홍마을),지훈이이빌라,053-160-6463,namseongho@example.org
최진호,50411,강원도 시흥시 테헤란길 492 (민수성동),명숙백최아파트 86동 655호,017-787-1949,sanghojang@example.org
황상호,29257,전라북도 안양시 동안구 가락길 166,하윤김황타워 117호,043-324-8629,qsim@example.com
장영길,36650,대전광역시 중구 도산대가 283-78,영식이타운 686호,042-469-9013,gyeonghyi65@example.net
양민지,74032,대전광역시 은평구 반포대61거리 456 (영호한읍),정남이강연립 507호,061-335-6828,jobyeongceol@example.net
김영호,69798,대전광역시 은평구 논현거리 지하139,승현최김타운 063호,052-248-0257,ti@example.org
이영숙,48428,충청남도 동해시 가락310로 928-93 (재현안우읍),준서최타워 F동 701호,052-295-9959,gwagyeongja@example.org
이윤서,01002,서울특별시 중랑구 삼성3길 720,하은오김연립 785호,063-126-5824,hgim@example.net
이은지,22476,부산광역시 영등포구 도산대7로 888-79,명숙류이빌라 753호,052-259-8118,fhan@example.com
서서준,72859,경상남도 영월군 학동로 지하912,미경하타운 Y동 925호,064-768-4397,gyeongja76@example.org
서영순,51805,울산광역시 강남구 백제고분길 830 (서윤이김동),예지윤박아파트,053-899-6385,jieun50@example.net
강광수,29406,서울특별시 관악구 압구정거리 지하917 (예진이이면),진우정연립,018-402-9852,mseo@example.com
장보람,37495,충청남도 성남시 분당구 도산대71길 820-67,현우이아파트 661호,063-303-2310,hyeonu33@example.net
조민재,17427,전라남도 고양시 일산서구 잠실491길 지하569 (성진한동),영숙박이빌라,053-938-6708,seohyeongo@example.org
송예원,91753,전라남도 영동군 서초대417길 407 (준서김김면),민수최김아파트 O동 941호,054-577-8971,misug43@example.com
김춘자,52747,경기도 계룡시 논현거리 267-98,상철김고타워 I동 522호,061-588-9454,eunseo26@example.org
박예지,34507,전라남도 정선군 서초중앙길 616-96 (상훈강이읍),은주김마을 524호,019-546-1478,seongjin60@example.org
박서현,66026,전라남도 태안군 선릉825가 624,정식김서타운 934호,070-5563-2217,jinhogim@example.net
김지아,87323,충청남도 증평군 양재천가 지하716,정남김이타운 라동 242호,064-798-3050,iseunghyeon@example.com
김민수,06813,울산광역시 관악구 선릉643로 12-77 (정웅김리),영일이타운 G동 348호,041-573-4301,areum09@example.com
박하은,78218,경기도 충주시 백제고분72로 285-34,성민박박타워 507동 399호,063-036-0150,jeongsun67@example.net
이정훈,30008,대구광역시 종로구 백제고분77길 907 (민재김김읍),예원이타워,051-254-3780,useo@example.net
유성수,90426,대전광역시 성북구 백제고분1길 954 (민수김김면),순자이마을 755호,016-596-2029,seonghyeon88@example.org
박현숙,76686,경기도 아산시 잠실849거리 541-5 (민석안장읍),경숙류타운 025호,061-061-4323,jeonggeonu@example.net
이정수,68481,서울특별시 동대문구 영동대가 402,순옥구연립 011호,043-470-3394,bagsangceol@example.org
박보람,18383,울산광역시 동대문구 테헤란가 391-34,수진박아파트 F동 536호,017-396-7873,seonghyeon40@example.com
이예지,86422,경상북도 아산시 서초중앙로 842-71,윤서이김연립,018-758-6931,jieun13@example.com
이서현,59746,충청북도 양평군 학동56길 65,정숙이이연립,043-623-1424,igyeongsug@example.org
윤현우,71037,서울특별시 노원구 서초대가 275-88,준호이황마을 U동 136호,070-7815-8433,yeweonsong@example.com
강영수,66461,제주특별자치도 군포시 테헤란1가 966 (민석남마을),승민신박연립 C동 209호,053-739-0354,doyun12@example.org
엄숙자,85595,강원도 공주시 오금거리 지하68 (지아류권동),은정조윤타운 727호,017-433-1267,iseongjin@example.com
이정남,90485,대전광역시 성북구 개포17길 732 (지원임이동),순자류아파트,043-555-8482,junhyeog81@example.com
이영호,63031,전라남도 수원시 영통구 양재천거리 843 (순자한안읍),영희박타운 122호,033-985-7782,haneunji@example.com
백성현,50853,서울특별시 구로구 반포대가 290-81,지연이이타워 라동 612호,041-968-7705,junhyeognam@example.org
장하은,22289,대전광역시 금천구 개포150로 970 (현숙성리),명자남최타워 402호,052-564-3184,oujin@example.net
나경희,44344,광주광역시 송파구 도산대거리 지하180,준호김연립 E동 820호,032-222-8050,hyeonjuni@example.org
김병철,15965,대구광역시 강남구 백제고분53로 140-26,상철류김연립,010-1830-3016,doyun44@example.com
서하은,73213,충청북도 홍천군 봉은사가 344-59,시우박곽아파트 나동 993호,063-345-2399,haeun27@example.org
박준서,02102,세종특별자치시 북구 가락26거리 지하207,영진김타운,032-950-6218,bagjongsu@example.net
오민석,40789,충청북도 강릉시 오금58가 835-75 (지연양리),채원이빌라,018-926-3741,eunju42@example.org
김정숙,85516,인천광역시 마포구 삼성거리 231-65 (지은이면),은지박박마을 109호,031-476-1272,ngim@example.org
이도윤,94600,전라북도 이천시 영동대6로 723-74 (동현서김면),상현김이연립 682호,010-9759-4870,migyeongi@example.org
한윤서,47890,전라남도 의왕시 가락가 325 (수진이김동),재호박타운 939호,018-456-9698,ogja20@example.org
김서윤,46783,충청북도 안양시 동안구 학동412가 79-35,승민오김아파트 763호,061-533-4547,ri@example.org
홍상철,17938,제주특별자치도 수원시 영통구 논현가 599 (유진한면),명자노김빌라 084호,062-695-0197,junho65@example.com
박수진,20474,경기도 양주시 가락가 지하201,광수구마을 238호,043-125-6746,iminjae@example.com
김옥순,01392,전라남도 의왕시 선릉거리 384-57,지은김아파트 462호,033-320-5137,yeongjingim@example.com
양현정,17319,경상남도 수원시 영통구 도산대가 390-68 (재현이박마을),준호홍김연립,033-050-2835,geonuhong@example.net
이성수,28033,충청남도 성남시 중원구 잠실97가 6-23,정훈이이아파트 175호,031-546-0705,seonyeonggim@example.org
최현우,87679,경기도 가평군 오금길 474-16 (종수양읍),미경김연립,032-112-3217,dsong@example.com
오지훈,53014,대전광역시 서초구 선릉16가 지하307,건우김타운 938호,017-772-3718,peom@example.com
송영숙,43788,강원도 계룡시 선릉32로 898,수민이타운 Z동 883호,070-7459-3750,kgim@example.net
홍민수,78635,인천광역시 성동구 논현가 946-6 (경희김마을),경자서강아파트,018-575-1595,minjijo@example.org
김미영,51165,대전광역시 서대문구 봉은사812로 지하418 (광수박동),정웅차타워 558호,062-114-1232,jeongnami@example.net
김상호,45618,광주광역시 강북구 강남대로 404,지후이아파트 218동 906호,043-571-2805,gimjimin@example.net
이수빈,59687,울산광역시 남구 오금438길 164,지아송타운,010-3366-7544,coegyeongsug@example.org
송상훈,16113,대구광역시 강남구 언주가 289-9 (하윤박읍),경자이타워,043-862-1508,gimdoyun@example.net
김미숙,11242,울산광역시 남구 서초대320거리 666 (명자홍마을),영수류연립 757호,032-365-1395,xgang@example.com
이민지,41571,경상남도 청양군 삼성길 128,성진김김마을,031-981-1498,yeonghyi39@example.com
박예진,55871,인천광역시 광진구 역삼거리 696 (민서김면),예은조연립 T동 944호,053-569-9672,hayun48@example.org
이정남,67142,충청북도 영동군 언주길 832,서현김빌라,010-9839-8980,eunjeong60@example.com
이우진,46112,부산광역시 송파구 가락165거리 473 (영진김이동),민서김최타워 B동 569호,062-599-7295,jeonghyi82@example.org
김영철,68561,경상북도 성남시 개포가 45 (지혜김이동),영환한이빌라 629호,052-612-0385,jiyeonhong@example.com
송종수,27297,서울특별시 관악구 가락길 595 (서현박동),지아이송타운,054-867-1052,gimmyeongja@example.net
이영수,37483,서울특별시 강서구 가락로 683-56,영호손황마을,041-395-5636,eunyeong46@example.org
김현우,62625,세종특별자치시 은평구 압구정5가 116-51 (수진이윤리),지현류구타워,055-716-2626,jaehyeonhong@example.net
김은경,59887,경상북도 광명시 서초대009가 767 (지훈김리),성수김주타워 M동 790호,041-675-0727,hyeonsugbae@example.net
김정웅,20514,경상북도 정선군 백제고분거리 586-57,수민김김연립,043-715-3954,yeonghoi@example.com
박정훈,68974,충청북도 안양시 만안구 잠실635거리 755,하윤김아파트 078호,055-132-7136,eunseo84@example.com
서은정,77932,울산광역시 동작구 압구정17거리 208,숙자박이마을 X동 004호,041-356-0336,hwangdonghyeon@example.net
강상호,74004,부산광역시 종로구 양재천가 454 (민수이리),중수권연립 504호,033-996-8752,gyeonghyijang@example.com
임우진,01993,경상북도 안산시 선릉237거리 438 (은주김마을),은서이연립 605호,054-947-3360,myeongsug32@example.net
이정식,75844,세종특별자치시 구로구 백제고분로 843 (진우윤면),은경이최연립 마동 333호,011-434-8741,sanghun35@example.net
김승민,21144,대전광역시 중구 개포5로 24,현지서연립 461호,041-411-1147,jieunim@example.com
차예원,93961,대전광역시 마포구 영동대가 449,승현김김마을 W동 070호,070-3553-6055,lhan@example.net
최은서,66780,세종특별자치시 동작구 압구정가 지하27,준호안장마을,042-807-8820,jaehyeonhan@example.org
이지영,94942,경기도 철원군 봉은사80거리 878,경수이이연립 B동 506호,043-756-4487,vgweon@example.com
이정순,84219,광주광역시 서구 선릉05로 320-99,광수김이마을,031-569-3273,subin58@example.org
이승현,93342,광주광역시 서초구 양재천8로 303,종수김타워 B동 528호,017-559-2188,yeongsugan@example.net
송영미,26583,대전광역시 서구 언주210길 998 (시우오김동),영환최연립 S동 627호,017-384-7045,gweonseonghyeon@example.net
이민서,44487,대구광역시 노원구 서초대260로 797-22 (유진이동),채원조아파트,062-938-3965,tcoe@example.net
김정훈,59337,경상북도 안양시 만안구 논현거리 595,경수전이연립 136호,055-697-3561,minjaego@example.org
문지현,24414,충청북도 수원시 테헤란거리 672,혜진허황타워 880호,031-320-1266,yeongmi97@example.org
류준서,60526,울산광역시 마포구 양재천가 74 (은서곽한동),수진박아파트,02-5472-6664,yeongsu62@example.com
장영환,30391,경기도 인제군 반포대187길 지하222 (민준김면),지은이빌라,044-564-1209,eunseo87@example.net
손서윤,08641,부산광역시 중랑구 도산대2길 지하184 (경숙최동),순옥남연립 462호,054-315-6671,tbag@example.org
이영희,45328,충청북도 청주시 흥덕구 오금로 지하254 (순자이이동),지민김마을 639호,041-154-2476,geonu87@example.com
김유진,63698,충청북도 안산시 단원구 역삼902길 659,성현윤황빌라 X동 826호,062-444-5520,ni@example.com
최재호,91467,서울특별시 강서구 양재천71로 882-70 (정자김김리),순자문타워 561호,010-9506-7398,seongsu57@example.com
김진우,43910,강원도 안산시 상록구 선릉34길 773 (우진박면),영길손허아파트 H동 500호,042-935-8462,cunjaan@example.org
조승민,09598,경기도 성남시 오금길 732-55,은주김빌라 Q동 866호,010-6153-9081,ti@example.org
김승현,22919,제주특별자치도 안성시 백제고분65거리 지하816 (지민김박면),도현이김타운 817호,032-518-6772,jaehoheo@example.com
김지원,51557,전라북도 포천시 역삼198거리 489 (우진이김동),준영박빌라,051-864-2514,byang@example.com
이영숙,74626,부산광역시 중구 양재천가 426-58,옥순김강빌라 367호,041-712-1912,junyeonggim@example.net
박미영,89152,경상북도 단양군 서초중앙60가 687 (동현김백면),재현류박마을 P동 116호,044-431-2977,rgim@example.net
양중수,80873,강원도 공주시 오금로 지하833,정숙박김마을 H동 718호,043-769-5812,hyeonjeonggweon@example.com
이은영,72480,서울특별시 종로구 잠실513길 242-70 (아름이이리),순옥윤홍빌라 897호,033-706-0810,josubin@example.com
홍진호,42788,대구광역시 강동구 도산대거리 727-79 (수민성민동),영미이강아파트,044-848-8034,ian@example.org
김정식,01842,충청남도 강릉시 테헤란거리 686-76 (수진김리),영숙김김타운 490호,053-544-2708,yujin03@example.org
이영희,91973,제주특별자치도 남양주시 개포길 857,준호노마을 D동 306호,010-7285-9488,iyeonghwan@example.org
윤지혜,22907,세종특별자치시 강남구 논현351로 88-53 (영숙김동),예준최이타운,055-531-6728,ryuogja@example.net
이정호,90200,광주광역시 서초구 서초중앙44거리 351,지은정이마을 123호,019-116-6763,yeweonha@example.org
김현우,05097,대전광역시 용산구 학동0로 751,경자강최타워 50동 961호,043-285-7090,gimsugja@example.net
박시우,73653,부산광역시 구로구 반포대535가 983-8,정자서아파트 300호,016-366-2436,gyeonghyi81@example.com
이지현,60160,충청북도 안양시 만안구 잠실거리 633-73 (현숙김이마을),은지이구마을,019-929-9001,hayuni@example.org
김현준,14871,세종특별자치시 강서구 삼성544가 717-58 (영미권김면),상훈박마을,061-526-1137,ci@example.org
최서현,23183,세종특별자치시 중랑구 봉은사가 903-18 (성수이이마을),정식황류타워,011-072-4266,minji84@example.org
홍경희,47458,충청북도 남양주시 반포대로 343-13,성수전김타워,032-006-2023,ijuweon@example.com
이지우,82646,강원도 증평군 석촌호수1로 162-39 (은경이리),영숙김아파트 718호,017-367-9659,jeongsungweon@example.net
장지영,89494,경기도 충주시 개포863로 49-42 (상철박박읍),상철이타운 972호,010-9116-5604,yunujin@example.org
최수진,89613,세종특별자치시 도봉구 테헤란389로 665-20,도윤최김마을 437동 442호,042-090-4560,ri@example.net
김옥순,93186,전라남도 제천시 도산대가 268,지훈김장연립,042-790-8743,jiuyu@example.org
이도윤,87497,경기도 아산시 가락거리 432 (상훈이김읍),윤서오타운 Y동 302호,044-160-4028,hayun44@example.org
박시우,09115,광주광역시 마포구 오금004길 464,영숙김송타워,054-181-5051,dgim@example.com
박미경,02697,경상남도 태백시 영동대546가 971,정자이권타운 Y동 868호,017-741-9127,byeongceol46@example.org
박예진,10481,세종특별자치시 중랑구 서초중앙길 794,준영최아파트 X동 178호,032-577-8752,jojunyeong@example.net
서주원,11962,서울특별시 종로구 삼성거리 185,순옥신마을 371호,062-149-2947,jeongnam30@example.net
지승민,16168,대전광역시 마포구 백제고분97거리 15-8,정자최타운 842호,041-099-8860,gimmigyeong@example.com
류옥순,93719,경상남도 단양군 오금길 629-39,현주박장타워 97동 040호,055-759-1197,jaehogim@example.org
백예은,29223,경상남도 공주시 선릉길 882-29 (민재윤읍),지아이타워 262호,017-774-3584,seungminnam@example.org
김예진,13010,부산광역시 노원구 석촌호수로 469,혜진윤아파트 799호,055-213-4482,gangjiweon@example.net
전재호,54432,제주특별자치도 부천시 오정구 강남대706길 214-71,민서김연립 B동 822호,02-0742-4464,yeongjinyun@example.com
권상현,40925,전라북도 안양시 테헤란1거리 589,도윤이타워,041-271-2789,anyeonggil@example.net
이지영,99270,경기도 고양시 일산동구 삼성83거리 702 (정숙김최마을),재호윤박마을 N동 228호,063-527-0458,ogja45@example.com
이순옥,44544,대구광역시 성동구 개포42거리 지하165 (민지이읍),상훈이아파트 928호,011-850-2171,eunjuyang@example.net
김승현,31584,울산광역시 성북구 가락거리 370 (보람박진읍),현정류타워 656호,016-626-6089,minjigo@example.com
최하은,08991,충청남도 용인시 수지구 언주가 906 (미경나마을),서준이연립 J동 500호,031-440-8826,sugjaseo@example.org
김중수,35984,광주광역시 서대문구 오금로 553,지은김타운,042-216-4496,yunseoyeong@example.com
김종수,86717,대전광역시 서초구 양재천710가 지하581 (정웅강김마을),영일김타운 Q동 058호,053-254-7590,juweon94@example.org
서성민,15514,전라북도 양주시 잠실274로 901-66 (미경조면),상호허장연립 O동 515호,016-063-5296,yuneunju@example.net
허보람,96013,충청남도 청주시 서원구 선릉5로 545,옥자김빌라,055-446-4252,hyeonsug81@example.org
이영미,73449,전라북도 군포시 삼성5로 992-90,은서신강마을 X동 390호,062-279-2806,seonghun65@example.org
윤승민,29584,제주특별자치도 부천시 잠실로 723 (서현곽읍),민지최빌라 264호,051-406-7503,jeongsumin@example.net
이재현,95444,전라북도 용인시 기흥구 반포대892거리 257-56 (옥순백김동),광수이김타워,02-4734-7836,boram77@example.org
이재현,90746,세종특별자치시 성동구 테헤란로 399 (경숙이강마을),서현김연립,018-663-5808,jiumun@example.com
강숙자,27685,충청북도 고양시 일산동구 봉은사로 848,정희전연립 Y동 942호,070-7137-0402,gimjihun@example.org
안준혁,58348,충청남도 과천시 테헤란0길 77 (현우장박읍),영미김김마을 048호,041-655-0501,ryuminseo@example.net
이지원,85328,전라남도 이천시 양재천로 989-6 (경희이김마을),상철성마을,062-157-0094,gyeongsug18@example.org
송민지,00554,부산광역시 강북구 잠실28로 604 (은지강이리),수진이연립 863호,054-947-9914,junhyeog57@example.com
이성현,35172,인천광역시 영등포구 도산대444거리 지하898 (현지강송면),성현김양아파트 마동 951호,042-844-1848,subin62@example.org
이준서,05214,강원도 양양군 잠실9로 455-90,종수성하빌라,061-244-3706,jeongsug47@example.com
문정남,41457,부산광역시 동구 학동952길 316-10,순옥우타운 V동 258호,02-7382-2452,jeongsugjeon@example.com
박민석,72496,강원도 청양군 개포로 731,광수문아파트 Q동 610호,052-957-8059,gimjinho@example.org
박성민,37597,경상북도 청주시 서원구 역삼6로 537,수민김서연립 582호,064-779-1166,dohyeongim@example.com
권상훈,01542,서울특별시 중구 학동로 521-46 (은주김리),은지손김타운 마동 076호,044-854-3692,ogja45@example.com
김혜진,52465,인천광역시 북구 역삼거리 785 (명숙장리),성호윤송아파트 J동 484호,053-629-5156,gwangsu23@example.net
박지우,44859,경기도 안성시 서초중앙1거리 39-9,성진민마을 729호,052-965-5900,minseomin@example.com
김경수,25097,충청남도 시흥시 반포대길 911,민지이이타워,064-749-1773,nhwang@example.net
김지현,89989,대구광역시 중구 가락가 340-95,명숙김아파트 458동 799호,063-513-3909,igim@example.net
김민준,56725,대구광역시 강남구 반포대1길 지하611 (영진지최면),영순장전타워 L동 367호,016-285-7522,imin@example.net
